workload,system,horizon,train_accesses,total_cycles,average_latency,speedup,accuracy,late_prefetch_rate,cycles_hidden,fraction_of_ideal_gain,predictor_overhead,predictor_queue_stalls,average_queue_wait,maximum_queue_wait,dropped_predictions,predictor_queue_depth,port_stalls,update_count,prefetches_issued,bandwidth_bytes,storage_bytes,ideal_speedup,collision_rate,aliasing_rate,counter_bits,signature_bits,table_size,predictor_latency,mode
LongHigherOrder,DirectWAM-H8,8,3360,7847,5.449305555555555,1.6829361539441825,1.0,0.5,5405,1.0,0,0,0.0,0,0,0,0,1440,46,368,19728,1.6829361539441825,0.0,0.0,,,,0,serial
LongHigherOrder,DirectWAM-H16,16,3360,7694,5.343055555555556,1.7164023914738757,1.0,0.3181818181818182,5565,1.0,0,0,0.0,0,0,0,0,1440,44,352,42768,1.7164023914738757,0.0,0.0,,,,0,serial
LongHigherOrder,RecursiveWAM,16,3360,7694,5.343055555555556,1.7164023914738757,1.0,0.3181818181818182,5565,1.0,0,0,0.0,0,0,0,0,1440,44,352,8208,1.7164023914738757,0.0,0.0,,,,0,serial
LongHigherOrder,Markov-N,16,3360,7694,5.343055555555556,1.7164023914738757,1.0,0.3181818181818182,5565,1.0,0,0,0.0,0,0,0,0,1440,44,352,2952,1.7164023914738757,0.0,0.0,,,,0,serial
LongHigherOrder,DirectWAM-H8,8,3360,9210,6.395833333333333,1.4338762214983714,1.0,0.5,5482,0.6353100783910655,1440,0,0.0,0,0,0,0,1440,46,368,19728,1.6829361539441825,0.0,0.0,,,,1,serial
LongHigherOrder,DirectWAM-H16,16,3360,9059,6.290972222222222,1.4577767965559112,1.0,0.3181818181818182,5640,0.638993953683088,1440,0,0.0,0,0,0,0,1440,44,352,42768,1.7164023914738757,0.0,0.0,,,,1,serial
LongHigherOrder,RecursiveWAM,16,3360,9059,6.290972222222222,1.4577767965559112,1.0,0.3181818181818182,5640,0.638993953683088,1440,0,0.0,0,0,0,0,1440,44,352,8208,1.7164023914738757,0.0,0.0,,,,1,serial
LongHigherOrder,Markov-N,16,3360,9059,6.290972222222222,1.4577767965559112,1.0,0.3181818181818182,5640,0.638993953683088,1440,0,0.0,0,0,0,0,1440,44,352,2952,1.7164023914738757,0.0,0.0,,,,1,serial
LongHigherOrder,DirectWAM-H8,8,3360,10573,7.342361111111111,1.2490305495129101,1.0,0.5,5559,0.36464689718749876,2880,0,0.0,0,0,0,0,1440,46,368,19728,1.6829361539441825,0.0,0.0,,,,2,serial
LongHigherOrder,DirectWAM-H16,16,3360,10424,7.238888888888889,1.2668841135840367,1.0,0.3181818181818182,5715,0.37253381166828353,2880,0,0.0,0,0,0,0,1440,44,352,42768,1.7164023914738757,0.0,0.0,,,,2,serial
LongHigherOrder,RecursiveWAM,16,3360,10424,7.238888888888889,1.2668841135840367,1.0,0.3181818181818182,5715,0.37253381166828353,2880,0,0.0,0,0,0,0,1440,44,352,8208,1.7164023914738757,0.0,0.0,,,,2,serial
LongHigherOrder,Markov-N,16,3360,10424,7.238888888888889,1.2668841135840367,1.0,0.3181818181818182,5715,0.37253381166828353,2880,0,0.0,0,0,0,0,1440,44,352,2952,1.7164023914738757,0.0,0.0,,,,2,serial
LongHigherOrder,DirectWAM-H8,8,3360,11936,8.28888888888889,1.1064008042895441,1.0,0.5,5636,0.1557990504310604,4320,0,0.0,0,0,0,0,1440,46,368,19728,1.6829361539441825,0.0,0.0,,,,3,serial
LongHigherOrder,DirectWAM-H16,16,3360,11789,8.186805555555555,1.1201967936211723,1.0,0.3181818181818182,5790,0.16777832549370458,4320,0,0.0,0,0,0,0,1440,44,352,42768,1.7164023914738757,0.0,0.0,,,,3,serial
LongHigherOrder,RecursiveWAM,16,3360,11789,8.186805555555555,1.1201967936211723,1.0,0.3181818181818182,5790,0.16777832549370458,4320,0,0.0,0,0,0,0,1440,44,352,8208,1.7164023914738757,0.0,0.0,,,,3,serial
LongHigherOrder,Markov-N,16,3360,11789,8.186805555555555,1.1201967936211723,1.0,0.3181818181818182,5790,0.16777832549370458,4320,0,0.0,0,0,0,0,1440,44,352,2952,1.7164023914738757,0.0,0.0,,,,3,serial
LongHigherOrder,DirectWAM-H8,8,3360,13299,9.235416666666667,0.993006993006993,1.0,0.5,5713,0.0,5760,0,0.0,0,0,0,0,1440,46,368,19728,1.6829361539441825,0.0,0.0,,,,4,serial
LongHigherOrder,DirectWAM-H16,16,3360,13154,9.134722222222223,1.003953170138361,1.0,0.3181818181818182,5865,0.005518086183699188,5760,0,0.0,0,0,0,0,1440,44,352,42768,1.7164023914738757,0.0,0.0,,,,4,serial
LongHigherOrder,RecursiveWAM,16,3360,13154,9.134722222222223,1.003953170138361,1.0,0.3181818181818182,5865,0.005518086183699188,5760,0,0.0,0,0,0,0,1440,44,352,8208,1.7164023914738757,0.0,0.0,,,,4,serial
LongHigherOrder,Markov-N,16,3360,13154,9.134722222222223,1.003953170138361,1.0,0.3181818181818182,5865,0.005518086183699188,5760,0,0.0,0,0,0,0,1440,44,352,2952,1.7164023914738757,0.0,0.0,,,,4,serial
LongHigherOrder,DirectWAM-H8,8,3360,16025,11.128472222222221,0.8240873634945398,1.0,0.5,5867,0.0,8640,0,0.0,0,0,0,0,1440,46,368,19728,1.6829361539441825,0.0,0.0,,,,6,serial
LongHigherOrder,DirectWAM-H16,16,3360,15913,11.050694444444444,0.8298875133538616,1.0,0.06818181818181818,5986,0.0,8640,0,0.0,0,0,0,0,1440,44,352,42768,1.7164023914738757,0.0,0.0,,,,6,serial
LongHigherOrder,RecursiveWAM,16,3360,15913,11.050694444444444,0.8298875133538616,1.0,0.06818181818181818,5986,0.0,8640,0,0.0,0,0,0,0,1440,44,352,8208,1.7164023914738757,0.0,0.0,,,,6,serial
LongHigherOrder,Markov-N,16,3360,15913,11.050694444444444,0.8298875133538616,1.0,0.06818181818181818,5986,0.0,8640,0,0.0,0,0,0,0,1440,44,352,2952,1.7164023914738757,0.0,0.0,,,,6,serial
LongHigherOrder,DirectWAM-H8,8,3360,18751,13.021527777777777,0.704282438269959,1.0,0.5,6021,0.0,11520,0,0.0,0,0,0,0,1440,46,368,19728,1.6829361539441825,0.0,0.0,,,,8,serial
LongHigherOrder,DirectWAM-H16,16,3360,18793,13.050694444444444,0.7027084552759006,1.0,0.06818181818181818,5986,0.0,11520,0,0.0,0,0,0,0,1440,44,352,42768,1.7164023914738757,0.0,0.0,,,,8,serial
LongHigherOrder,RecursiveWAM,16,3360,18793,13.050694444444444,0.7027084552759006,1.0,0.06818181818181818,5986,0.0,11520,0,0.0,0,0,0,0,1440,44,352,8208,1.7164023914738757,0.0,0.0,,,,8,serial
LongHigherOrder,Markov-N,16,3360,18793,13.050694444444444,0.7027084552759006,1.0,0.06818181818181818,5986,0.0,11520,0,0.0,0,0,0,0,1440,44,352,2952,1.7164023914738757,0.0,0.0,,,,8,serial
LongHigherOrder,DirectWAM-H8,8,3360,24203,16.80763888888889,0.5456348386563649,1.0,0.5,6329,0.0,17280,0,0.0,0,0,0,0,1440,46,368,19728,1.6829361539441825,0.0,0.0,,,,12,serial
LongHigherOrder,DirectWAM-H16,16,3360,24553,17.050694444444446,0.5378568810328677,1.0,0.06818181818181818,5986,0.0,17280,0,0.0,0,0,0,0,1440,44,352,42768,1.7164023914738757,0.0,0.0,,,,12,serial
LongHigherOrder,RecursiveWAM,16,3360,24553,17.050694444444446,0.5378568810328677,1.0,0.06818181818181818,5986,0.0,17280,0,0.0,0,0,0,0,1440,44,352,8208,1.7164023914738757,0.0,0.0,,,,12,serial
LongHigherOrder,Markov-N,16,3360,24553,17.050694444444446,0.5378568810328677,1.0,0.06818181818181818,5986,0.0,17280,0,0.0,0,0,0,0,1440,44,352,2952,1.7164023914738757,0.0,0.0,,,,12,serial
LongHigherOrder,DirectWAM-H8,8,3360,29655,20.59375,0.4453211937278705,1.0,0.5,6637,0.0,23040,0,0.0,0,0,0,0,1440,46,368,19728,1.6829361539441825,0.0,0.0,,,,16,serial
LongHigherOrder,DirectWAM-H16,16,3360,30313,21.050694444444446,0.4356546696136971,1.0,0.06818181818181818,5986,0.0,23040,0,0.0,0,0,0,0,1440,44,352,42768,1.7164023914738757,0.0,0.0,,,,16,serial
LongHigherOrder,RecursiveWAM,16,3360,30313,21.050694444444446,0.4356546696136971,1.0,0.06818181818181818,5986,0.0,23040,0,0.0,0,0,0,0,1440,44,352,8208,1.7164023914738757,0.0,0.0,,,,16,serial
LongHigherOrder,Markov-N,16,3360,30313,21.050694444444446,0.4356546696136971,1.0,0.06818181818181818,5986,0.0,23040,0,0.0,0,0,0,0,1440,44,352,2952,1.7164023914738757,0.0,0.0,,,,16,serial
LongHigherOrder,DirectWAM-H8,8,3360,41096,28.538888888888888,0.3213451430796185,1.0,0.0,6716,0.0,34560,0,0.0,0,0,0,0,1440,46,368,19728,1.6829361539441825,0.0,0.0,,,,24,serial
LongHigherOrder,DirectWAM-H16,16,3360,41833,29.050694444444446,0.3156837903090861,1.0,0.06818181818181818,5986,0.0,34560,0,0.0,0,0,0,0,1440,44,352,42768,1.7164023914738757,0.0,0.0,,,,24,serial
LongHigherOrder,RecursiveWAM,16,3360,41833,29.050694444444446,0.3156837903090861,1.0,0.06818181818181818,5986,0.0,34560,0,0.0,0,0,0,0,1440,44,352,8208,1.7164023914738757,0.0,0.0,,,,24,serial
LongHigherOrder,Markov-N,16,3360,41833,29.050694444444446,0.3156837903090861,1.0,0.06818181818181818,5986,0.0,34560,0,0.0,0,0,0,0,1440,44,352,2952,1.7164023914738757,0.0,0.0,,,,24,serial
LongHigherOrder,DirectWAM-H8,8,3360,52616,36.53888888888889,0.25098829253459026,1.0,0.0,6716,0.0,46080,0,0.0,0,0,0,0,1440,46,368,19728,1.6829361539441825,0.0,0.0,,,,32,serial
LongHigherOrder,DirectWAM-H16,16,3360,53353,37.050694444444446,0.24752122654771053,1.0,0.06818181818181818,5986,0.0,46080,0,0.0,0,0,0,0,1440,44,352,42768,1.7164023914738757,0.0,0.0,,,,32,serial
LongHigherOrder,RecursiveWAM,16,3360,53353,37.050694444444446,0.24752122654771053,1.0,0.06818181818181818,5986,0.0,46080,0,0.0,0,0,0,0,1440,44,352,8208,1.7164023914738757,0.0,0.0,,,,32,serial
LongHigherOrder,Markov-N,16,3360,53353,37.050694444444446,0.24752122654771053,1.0,0.06818181818181818,5986,0.0,46080,0,0.0,0,0,0,0,1440,44,352,2952,1.7164023914738757,0.0,0.0,,,,32,serial
Contextual,DirectWAM-H8,8,3360,6345,4.40625,1.0228526398739164,1.0,0.6666666666666666,148,1.0,0,0,0.0,0,0,0,0,1440,3,24,1128,1.0228526398739164,0.0,0.0,,,,0,serial
Contextual,DirectWAM-H16,16,3360,6349,4.409027777777778,1.0222082217672075,1.0,0.5,146,1.0,0,0,0.0,0,0,0,0,1440,2,16,2280,1.0222082217672075,0.0,0.0,,,,0,serial
Contextual,RecursiveWAM,16,3360,6349,4.409027777777778,1.0222082217672075,1.0,0.5,146,1.0,0,0,0.0,0,0,0,0,1440,2,16,552,1.0222082217672075,0.0,0.0,,,,0,serial
Contextual,Markov-N,16,3360,6349,4.409027777777778,1.0222082217672075,1.0,0.5,146,1.0,0,0,0.0,0,0,0,0,1440,2,16,216,1.0222082217672075,0.0,0.0,,,,0,serial
Contextual,DirectWAM-H8,8,3360,7783,5.404861111111111,0.8338686881665167,1.0,0.6666666666666666,150,0.0,1440,0,0.0,0,0,0,0,1440,3,24,1128,1.0228526398739164,0.0,0.0,,,,1,serial
Contextual,DirectWAM-H16,16,3360,7789,5.409027777777778,0.8332263448452947,1.0,0.5,146,0.0,1440,0,0.0,0,0,0,0,1440,2,16,2280,1.0222082217672075,0.0,0.0,,,,1,serial
Contextual,RecursiveWAM,16,3360,7789,5.409027777777778,0.8332263448452947,1.0,0.5,146,0.0,1440,0,0.0,0,0,0,0,1440,2,16,552,1.0222082217672075,0.0,0.0,,,,1,serial
Contextual,Markov-N,16,3360,7789,5.409027777777778,0.8332263448452947,1.0,0.5,146,0.0,1440,0,0.0,0,0,0,0,1440,2,16,216,1.0222082217672075,0.0,0.0,,,,1,serial
Contextual,DirectWAM-H8,8,3360,9221,6.403472222222222,0.7038282181975924,1.0,0.6666666666666666,152,0.0,2880,0,0.0,0,0,0,0,1440,3,24,1128,1.0228526398739164,0.0,0.0,,,,2,serial
Contextual,DirectWAM-H16,16,3360,9229,6.409027777777778,0.7032181168057211,1.0,0.5,146,0.0,2880,0,0.0,0,0,0,0,1440,2,16,2280,1.0222082217672075,0.0,0.0,,,,2,serial
Contextual,RecursiveWAM,16,3360,9229,6.409027777777778,0.7032181168057211,1.0,0.5,146,0.0,2880,0,0.0,0,0,0,0,1440,2,16,552,1.0222082217672075,0.0,0.0,,,,2,serial
Contextual,Markov-N,16,3360,9229,6.409027777777778,0.7032181168057211,1.0,0.5,146,0.0,2880,0,0.0,0,0,0,0,1440,2,16,216,1.0222082217672075,0.0,0.0,,,,2,serial
Contextual,DirectWAM-H8,8,3360,10659,7.402083333333334,0.608875128998968,1.0,0.6666666666666666,154,0.0,4320,0,0.0,0,0,0,0,1440,3,24,1128,1.0228526398739164,0.0,0.0,,,,3,serial
Contextual,DirectWAM-H16,16,3360,10669,7.409027777777778,0.6083044334051926,1.0,0.5,146,0.0,4320,0,0.0,0,0,0,0,1440,2,16,2280,1.0222082217672075,0.0,0.0,,,,3,serial
Contextual,RecursiveWAM,16,3360,10669,7.409027777777778,0.6083044334051926,1.0,0.5,146,0.0,4320,0,0.0,0,0,0,0,1440,2,16,552,1.0222082217672075,0.0,0.0,,,,3,serial
Contextual,Markov-N,16,3360,10669,7.409027777777778,0.6083044334051926,1.0,0.5,146,0.0,4320,0,0.0,0,0,0,0,1440,2,16,216,1.0222082217672075,0.0,0.0,,,,3,serial
Contextual,DirectWAM-H8,8,3360,12097,8.400694444444444,0.5364966520624949,1.0,0.6666666666666666,156,0.0,5760,0,0.0,0,0,0,0,1440,3,24,1128,1.0228526398739164,0.0,0.0,,,,4,serial
Contextual,DirectWAM-H16,16,3360,12109,8.409027777777778,0.5359649847221075,1.0,0.5,146,0.0,5760,0,0.0,0,0,0,0,1440,2,16,2280,1.0222082217672075,0.0,0.0,,,,4,serial
Contextual,RecursiveWAM,16,3360,12109,8.409027777777778,0.5359649847221075,1.0,0.5,146,0.0,5760,0,0.0,0,0,0,0,1440,2,16,552,1.0222082217672075,0.0,0.0,,,,4,serial
Contextual,Markov-N,16,3360,12109,8.409027777777778,0.5359649847221075,1.0,0.5,146,0.0,5760,0,0.0,0,0,0,0,1440,2,16,216,1.0222082217672075,0.0,0.0,,,,4,serial
Contextual,DirectWAM-H8,8,3360,14973,10.397916666666667,0.43344687103452884,1.0,0.6666666666666666,160,0.0,8640,0,0.0,0,0,0,0,1440,3,24,1128,1.0228526398739164,0.0,0.0,,,,6,serial
Contextual,DirectWAM-H16,16,3360,14989,10.409027777777778,0.4329841884048302,1.0,0.5,146,0.0,8640,0,0.0,0,0,0,0,1440,2,16,2280,1.0222082217672075,0.0,0.0,,,,6,serial
Contextual,RecursiveWAM,16,3360,14989,10.409027777777778,0.4329841884048302,1.0,0.5,146,0.0,8640,0,0.0,0,0,0,0,1440,2,16,552,1.0222082217672075,0.0,0.0,,,,6,serial
Contextual,Markov-N,16,3360,14989,10.409027777777778,0.4329841884048302,1.0,0.5,146,0.0,8640,0,0.0,0,0,0,0,1440,2,16,216,1.0222082217672075,0.0,0.0,,,,6,serial
Contextual,DirectWAM-H8,8,3360,17849,12.395138888888889,0.3636058042467365,1.0,0.6666666666666666,164,0.0,11520,0,0.0,0,0,0,0,1440,3,24,1128,1.0228526398739164,0.0,0.0,,,,8,serial
Contextual,DirectWAM-H16,16,3360,17869,12.409027777777778,0.36319883597291397,1.0,0.5,146,0.0,11520,0,0.0,0,0,0,0,1440,2,16,2280,1.0222082217672075,0.0,0.0,,,,8,serial
Contextual,RecursiveWAM,16,3360,17869,12.409027777777778,0.36319883597291397,1.0,0.5,146,0.0,11520,0,0.0,0,0,0,0,1440,2,16,552,1.0222082217672075,0.0,0.0,,,,8,serial
Contextual,Markov-N,16,3360,17869,12.409027777777778,0.36319883597291397,1.0,0.5,146,0.0,11520,0,0.0,0,0,0,0,1440,2,16,216,1.0222082217672075,0.0,0.0,,,,8,serial
Contextual,DirectWAM-H8,8,3360,23601,16.389583333333334,0.274988347951358,1.0,0.6666666666666666,172,0.0,17280,0,0.0,0,0,0,0,1440,3,24,1128,1.0228526398739164,0.0,0.0,,,,12,serial
Contextual,DirectWAM-H16,16,3360,23629,16.409027777777776,0.27466249100681367,1.0,0.5,146,0.0,17280,0,0.0,0,0,0,0,1440,2,16,2280,1.0222082217672075,0.0,0.0,,,,12,serial
Contextual,RecursiveWAM,16,3360,23629,16.409027777777776,0.27466249100681367,1.0,0.5,146,0.0,17280,0,0.0,0,0,0,0,1440,2,16,552,1.0222082217672075,0.0,0.0,,,,12,serial
Contextual,Markov-N,16,3360,23629,16.409027777777776,0.27466249100681367,1.0,0.5,146,0.0,17280,0,0.0,0,0,0,0,1440,2,16,216,1.0222082217672075,0.0,0.0,,,,12,serial
Contextual,DirectWAM-H8,8,3360,29353,20.384027777777778,0.2211017613191156,1.0,0.6666666666666666,180,0.0,23040,0,0.0,0,0,0,0,1440,3,24,1128,1.0228526398739164,0.0,0.0,,,,16,serial
Contextual,DirectWAM-H16,16,3360,29389,20.409027777777776,0.2208309231345061,1.0,0.5,146,0.0,23040,0,0.0,0,0,0,0,1440,2,16,2280,1.0222082217672075,0.0,0.0,,,,16,serial
Contextual,RecursiveWAM,16,3360,29389,20.409027777777776,0.2208309231345061,1.0,0.5,146,0.0,23040,0,0.0,0,0,0,0,1440,2,16,552,1.0222082217672075,0.0,0.0,,,,16,serial
Contextual,Markov-N,16,3360,29389,20.409027777777776,0.2208309231345061,1.0,0.5,146,0.0,23040,0,0.0,0,0,0,0,1440,2,16,216,1.0222082217672075,0.0,0.0,,,,16,serial
Contextual,DirectWAM-H8,8,3360,40857,28.372916666666665,0.15884670925422817,1.0,0.6666666666666666,196,0.0,34560,0,0.0,0,0,0,0,1440,3,24,1128,1.0228526398739164,0.0,0.0,,,,24,serial
Contextual,DirectWAM-H16,16,3360,40909,28.409027777777776,0.15864479698843775,1.0,0.5,146,0.0,34560,0,0.0,0,0,0,0,1440,2,16,2280,1.0222082217672075,0.0,0.0,,,,24,serial
Contextual,RecursiveWAM,16,3360,40909,28.409027777777776,0.15864479698843775,1.0,0.5,146,0.0,34560,0,0.0,0,0,0,0,1440,2,16,552,1.0222082217672075,0.0,0.0,,,,24,serial
Contextual,Markov-N,16,3360,40909,28.409027777777776,0.15864479698843775,1.0,0.5,146,0.0,34560,0,0.0,0,0,0,0,1440,2,16,216,1.0222082217672075,0.0,0.0,,,,24,serial
Contextual,DirectWAM-H8,8,3360,52361,36.361805555555556,0.12394721262007984,1.0,0.6666666666666666,212,0.0,46080,0,0.0,0,0,0,0,1440,3,24,1128,1.0228526398739164,0.0,0.0,,,,32,serial
Contextual,DirectWAM-H16,16,3360,52429,36.40902777777778,0.12378645406168343,1.0,0.5,146,0.0,46080,0,0.0,0,0,0,0,1440,2,16,2280,1.0222082217672075,0.0,0.0,,,,32,serial
Contextual,RecursiveWAM,16,3360,52429,36.40902777777778,0.12378645406168343,1.0,0.5,146,0.0,46080,0,0.0,0,0,0,0,1440,2,16,552,1.0222082217672075,0.0,0.0,,,,32,serial
Contextual,Markov-N,16,3360,52429,36.40902777777778,0.12378645406168343,1.0,0.5,146,0.0,46080,0,0.0,0,0,0,0,1440,2,16,216,1.0222082217672075,0.0,0.0,,,,32,serial
LongerDependency,DirectWAM-H8,8,3360,6492,4.508333333333334,1.0446703635243377,1.0,0.0,292,1.0,0,0,0.0,0,0,0,0,1440,2,16,1776,1.0446703635243377,0.0,0.0,,,,0,serial
LongerDependency,DirectWAM-H16,16,3360,6649,4.617361111111111,1.0200030079711235,1.0,0.75,146,1.0,0,0,0.0,0,0,0,0,1440,4,32,3696,1.0200030079711235,0.0,0.0,,,,0,serial
LongerDependency,RecursiveWAM,16,3360,6649,4.617361111111111,1.0200030079711235,1.0,0.75,146,1.0,0,0,0.0,0,0,0,0,1440,4,32,816,1.0200030079711235,0.0,0.0,,,,0,serial
LongerDependency,Markov-N,16,3360,6649,4.617361111111111,1.0200030079711235,1.0,0.75,146,1.0,0,0,0.0,0,0,0,0,1440,4,32,312,1.0200030079711235,0.0,0.0,,,,0,serial
LongerDependency,DirectWAM-H8,8,3360,7932,5.508333333333334,0.8550176500252143,1.0,0.0,292,0.0,1440,0,0.0,0,0,0,0,1440,2,16,1776,1.0446703635243377,0.0,0.0,,,,1,serial
LongerDependency,DirectWAM-H16,16,3360,8089,5.617361111111111,0.8384225491408085,1.0,0.75,146,0.0,1440,0,0.0,0,0,0,0,1440,4,32,3696,1.0200030079711235,0.0,0.0,,,,1,serial
LongerDependency,RecursiveWAM,16,3360,8089,5.617361111111111,0.8384225491408085,1.0,0.75,146,0.0,1440,0,0.0,0,0,0,0,1440,4,32,816,1.0200030079711235,0.0,0.0,,,,1,serial
LongerDependency,Markov-N,16,3360,8089,5.617361111111111,0.8384225491408085,1.0,0.75,146,0.0,1440,0,0.0,0,0,0,0,1440,4,32,312,1.0200030079711235,0.0,0.0,,,,1,serial
LongerDependency,DirectWAM-H8,8,3360,9372,6.508333333333334,0.7236448997012377,1.0,0.0,292,0.0,2880,0,0.0,0,0,0,0,1440,2,16,1776,1.0446703635243377,0.0,0.0,,,,2,serial
LongerDependency,DirectWAM-H16,16,3360,9529,6.617361111111111,0.7117221114492601,1.0,0.75,146,0.0,2880,0,0.0,0,0,0,0,1440,4,32,3696,1.0200030079711235,0.0,0.0,,,,2,serial
LongerDependency,RecursiveWAM,16,3360,9529,6.617361111111111,0.7117221114492601,1.0,0.75,146,0.0,2880,0,0.0,0,0,0,0,1440,4,32,816,1.0200030079711235,0.0,0.0,,,,2,serial
LongerDependency,Markov-N,16,3360,9529,6.617361111111111,0.7117221114492601,1.0,0.75,146,0.0,2880,0,0.0,0,0,0,0,1440,4,32,312,1.0200030079711235,0.0,0.0,,,,2,serial
LongerDependency,DirectWAM-H8,8,3360,10812,7.508333333333334,0.6272660007399186,1.0,0.0,292,0.0,4320,0,0.0,0,0,0,0,1440,2,16,1776,1.0446703635243377,0.0,0.0,,,,3,serial
LongerDependency,DirectWAM-H16,16,3360,10969,7.617361111111111,0.6182879022700337,1.0,0.75,146,0.0,4320,0,0.0,0,0,0,0,1440,4,32,3696,1.0200030079711235,0.0,0.0,,,,3,serial
LongerDependency,RecursiveWAM,16,3360,10969,7.617361111111111,0.6182879022700337,1.0,0.75,146,0.0,4320,0,0.0,0,0,0,0,1440,4,32,816,1.0200030079711235,0.0,0.0,,,,3,serial
LongerDependency,Markov-N,16,3360,10969,7.617361111111111,0.6182879022700337,1.0,0.75,146,0.0,4320,0,0.0,0,0,0,0,1440,4,32,312,1.0200030079711235,0.0,0.0,,,,3,serial
LongerDependency,DirectWAM-H8,8,3360,12252,8.508333333333333,0.5535422788116225,1.0,0.0,292,0.0,5760,0,0.0,0,0,0,0,1440,2,16,1776,1.0446703635243377,0.0,0.0,,,,4,serial
LongerDependency,DirectWAM-H16,16,3360,12409,8.61736111111111,0.5465388024820694,1.0,0.75,146,0.0,5760,0,0.0,0,0,0,0,1440,4,32,3696,1.0200030079711235,0.0,0.0,,,,4,serial
LongerDependency,RecursiveWAM,16,3360,12409,8.61736111111111,0.5465388024820694,1.0,0.75,146,0.0,5760,0,0.0,0,0,0,0,1440,4,32,816,1.0200030079711235,0.0,0.0,,,,4,serial
LongerDependency,Markov-N,16,3360,12409,8.61736111111111,0.5465388024820694,1.0,0.75,146,0.0,5760,0,0.0,0,0,0,0,1440,4,32,312,1.0200030079711235,0.0,0.0,,,,4,serial
LongerDependency,DirectWAM-H8,8,3360,15132,10.508333333333333,0.44818926777689666,1.0,0.0,292,0.0,8640,0,0.0,0,0,0,0,1440,2,16,1776,1.0446703635243377,0.0,0.0,,,,6,serial
LongerDependency,DirectWAM-H16,16,3360,15289,10.61736111111111,0.4435868925371182,1.0,0.75,146,0.0,8640,0,0.0,0,0,0,0,1440,4,32,3696,1.0200030079711235,0.0,0.0,,,,6,serial
LongerDependency,RecursiveWAM,16,3360,15289,10.61736111111111,0.4435868925371182,1.0,0.75,146,0.0,8640,0,0.0,0,0,0,0,1440,4,32,816,1.0200030079711235,0.0,0.0,,,,6,serial
LongerDependency,Markov-N,16,3360,15289,10.61736111111111,0.4435868925371182,1.0,0.75,146,0.0,8640,0,0.0,0,0,0,0,1440,4,32,312,1.0200030079711235,0.0,0.0,,,,6,serial
LongerDependency,DirectWAM-H8,8,3360,18012,12.508333333333333,0.37652675993781926,1.0,0.0,292,0.0,11520,0,0.0,0,0,0,0,1440,2,16,1776,1.0446703635243377,0.0,0.0,,,,8,serial
LongerDependency,DirectWAM-H16,16,3360,18169,12.61736111111111,0.37327315757609114,1.0,0.75,146,0.0,11520,0,0.0,0,0,0,0,1440,4,32,3696,1.0200030079711235,0.0,0.0,,,,8,serial
LongerDependency,RecursiveWAM,16,3360,18169,12.61736111111111,0.37327315757609114,1.0,0.75,146,0.0,11520,0,0.0,0,0,0,0,1440,4,32,816,1.0200030079711235,0.0,0.0,,,,8,serial
LongerDependency,Markov-N,16,3360,18169,12.61736111111111,0.37327315757609114,1.0,0.75,146,0.0,11520,0,0.0,0,0,0,0,1440,4,32,312,1.0200030079711235,0.0,0.0,,,,8,serial
LongerDependency,DirectWAM-H8,8,3360,23772,16.508333333333333,0.28529362274945314,1.0,0.0,292,0.0,17280,0,0.0,0,0,0,0,1440,2,16,1776,1.0446703635243377,0.0,0.0,,,,12,serial
LongerDependency,DirectWAM-H16,16,3360,23929,16.617361111111112,0.2834217894604873,1.0,0.75,146,0.0,17280,0,0.0,0,0,0,0,1440,4,32,3696,1.0200030079711235,0.0,0.0,,,,12,serial
LongerDependency,RecursiveWAM,16,3360,23929,16.617361111111112,0.2834217894604873,1.0,0.75,146,0.0,17280,0,0.0,0,0,0,0,1440,4,32,816,1.0200030079711235,0.0,0.0,,,,12,serial
LongerDependency,Markov-N,16,3360,23929,16.617361111111112,0.2834217894604873,1.0,0.75,146,0.0,17280,0,0.0,0,0,0,0,1440,4,32,312,1.0200030079711235,0.0,0.0,,,,12,serial
LongerDependency,DirectWAM-H8,8,3360,29532,20.508333333333333,0.22964919409454151,1.0,0.0,292,0.0,23040,0,0.0,0,0,0,0,1440,2,16,1776,1.0446703635243377,0.0,0.0,,,,16,serial
LongerDependency,DirectWAM-H16,16,3360,29689,20.617361111111112,0.22843477382195426,1.0,0.75,146,0.0,23040,0,0.0,0,0,0,0,1440,4,32,3696,1.0200030079711235,0.0,0.0,,,,16,serial
LongerDependency,RecursiveWAM,16,3360,29689,20.617361111111112,0.22843477382195426,1.0,0.75,146,0.0,23040,0,0.0,0,0,0,0,1440,4,32,816,1.0200030079711235,0.0,0.0,,,,16,serial
LongerDependency,Markov-N,16,3360,29689,20.617361111111112,0.22843477382195426,1.0,0.75,146,0.0,23040,0,0.0,0,0,0,0,1440,4,32,312,1.0200030079711235,0.0,0.0,,,,16,serial
LongerDependency,DirectWAM-H8,8,3360,41052,28.508333333333333,0.16520510571957517,1.0,0.0,292,0.0,34560,0,0.0,0,0,0,0,1440,2,16,1776,1.0446703635243377,0.0,0.0,,,,24,serial
LongerDependency,DirectWAM-H16,16,3360,41209,28.617361111111112,0.16457569948312262,1.0,0.75,146,0.0,34560,0,0.0,0,0,0,0,1440,4,32,3696,1.0200030079711235,0.0,0.0,,,,24,serial
LongerDependency,RecursiveWAM,16,3360,41209,28.617361111111112,0.16457569948312262,1.0,0.75,146,0.0,34560,0,0.0,0,0,0,0,1440,4,32,816,1.0200030079711235,0.0,0.0,,,,24,serial
LongerDependency,Markov-N,16,3360,41209,28.617361111111112,0.16457569948312262,1.0,0.75,146,0.0,34560,0,0.0,0,0,0,0,1440,4,32,312,1.0200030079711235,0.0,0.0,,,,24,serial
LongerDependency,DirectWAM-H8,8,3360,52572,36.50833333333333,0.12900403256486342,1.0,0.0,292,0.0,46080,0,0.0,0,0,0,0,1440,2,16,1776,1.0446703635243377,0.0,0.0,,,,32,serial
LongerDependency,DirectWAM-H16,16,3360,52729,36.61736111111111,0.12861992451971402,1.0,0.75,146,0.0,46080,0,0.0,0,0,0,0,1440,4,32,3696,1.0200030079711235,0.0,0.0,,,,32,serial
LongerDependency,RecursiveWAM,16,3360,52729,36.61736111111111,0.12861992451971402,1.0,0.75,146,0.0,46080,0,0.0,0,0,0,0,1440,4,32,816,1.0200030079711235,0.0,0.0,,,,32,serial
LongerDependency,Markov-N,16,3360,52729,36.61736111111111,0.12861992451971402,1.0,0.75,146,0.0,46080,0,0.0,0,0,0,0,1440,4,32,312,1.0200030079711235,0.0,0.0,,,,32,serial
HigherOrderAmbiguous,DirectWAM-H8,8,3360,7981,5.542361111111111,1.6363864177421377,1.0,0.29545454545454547,5123,1.0,0,0,0.0,0,0,0,0,1440,44,352,16776,1.6363864177421377,0.0,0.0,,,,0,serial
HigherOrderAmbiguous,DirectWAM-H16,16,3360,7677,5.33125,1.7011853588641397,1.0,0.275,5423,1.0,0,0,0.0,0,0,0,0,1440,40,320,35208,1.7011853588641397,0.0,0.0,,,,0,serial
HigherOrderAmbiguous,RecursiveWAM,16,3360,7677,5.33125,1.7011853588641397,1.0,0.275,5423,1.0,0,0,0.0,0,0,0,0,1440,40,320,7560,1.7011853588641397,0.0,0.0,,,,0,serial
HigherOrderAmbiguous,Markov-N,16,3360,7677,5.33125,1.7011853588641397,1.0,0.275,5423,1.0,0,0,0.0,0,0,0,0,1440,40,320,2376,1.7011853588641397,0.0,0.0,,,,0,serial
HigherOrderAmbiguous,DirectWAM-H8,8,3360,9344,6.488888888888889,1.3976883561643836,1.0,0.29545454545454547,5200,0.6249164738231827,1440,0,0.0,0,0,0,0,1440,44,352,16776,1.6363864177421377,0.0,0.0,,,,1,serial
HigherOrderAmbiguous,DirectWAM-H16,16,3360,9042,6.279166666666667,1.4443707144437072,1.0,0.275,5498,0.6337421465324801,1440,0,0.0,0,0,0,0,1440,40,320,35208,1.7011853588641397,0.0,0.0,,,,1,serial
HigherOrderAmbiguous,RecursiveWAM,16,3360,9042,6.279166666666667,1.4443707144437072,1.0,0.275,5498,0.6337421465324801,1440,0,0.0,0,0,0,0,1440,40,320,7560,1.7011853588641397,0.0,0.0,,,,1,serial
HigherOrderAmbiguous,Markov-N,16,3360,9042,6.279166666666667,1.4443707144437072,1.0,0.275,5498,0.6337421465324801,1440,0,0.0,0,0,0,0,1440,40,320,2376,1.7011853588641397,0.0,0.0,,,,1,serial
HigherOrderAmbiguous,DirectWAM-H8,8,3360,10707,7.435416666666667,1.2197627720183057,1.0,0.29545454545454547,5277,0.34532913634142504,2880,0,0.0,0,0,0,0,1440,44,352,16776,1.6363864177421377,0.0,0.0,,,,2,serial
HigherOrderAmbiguous,DirectWAM-H16,16,3360,10407,7.227083333333334,1.2549245700009608,1.0,0.275,5573,0.3635623117030236,2880,0,0.0,0,0,0,0,1440,40,320,35208,1.7011853588641397,0.0,0.0,,,,2,serial
HigherOrderAmbiguous,RecursiveWAM,16,3360,10407,7.227083333333334,1.2549245700009608,1.0,0.275,5573,0.3635623117030236,2880,0,0.0,0,0,0,0,1440,40,320,7560,1.7011853588641397,0.0,0.0,,,,2,serial
HigherOrderAmbiguous,Markov-N,16,3360,10407,7.227083333333334,1.2549245700009608,1.0,0.275,5573,0.3635623117030236,2880,0,0.0,0,0,0,0,1440,40,320,2376,1.7011853588641397,0.0,0.0,,,,2,serial
HigherOrderAmbiguous,DirectWAM-H8,8,3360,12070,8.381944444444445,1.0820215410107705,1.0,0.29545454545454547,5354,0.12888637897360888,4320,0,0.0,0,0,0,0,1440,44,352,16776,1.6363864177421377,0.0,0.0,,,,3,serial
HigherOrderAmbiguous,DirectWAM-H16,16,3360,11772,8.175,1.109412164458036,1.0,0.275,5648,0.1560388605878398,4320,0,0.0,0,0,0,0,1440,40,320,35208,1.7011853588641397,0.0,0.0,,,,3,serial
HigherOrderAmbiguous,RecursiveWAM,16,3360,11772,8.175,1.109412164458036,1.0,0.275,5648,0.1560388605878398,4320,0,0.0,0,0,0,0,1440,40,320,7560,1.7011853588641397,0.0,0.0,,,,3,serial
HigherOrderAmbiguous,Markov-N,16,3360,11772,8.175,1.109412164458036,1.0,0.275,5648,0.1560388605878398,4320,0,0.0,0,0,0,0,1440,40,320,2376,1.7011853588641397,0.0,0.0,,,,3,serial
HigherOrderAmbiguous,DirectWAM-H8,8,3360,13433,9.328472222222222,0.9722325616020249,1.0,0.29545454545454547,5431,0.0,5760,0,0.0,0,0,0,0,1440,44,352,16776,1.6363864177421377,0.0,0.0,,,,4,serial
HigherOrderAmbiguous,DirectWAM-H16,16,3360,13137,9.122916666666667,0.9941386922432823,1.0,0.275,5723,0.0,5760,0,0.0,0,0,0,0,1440,40,320,35208,1.7011853588641397,0.0,0.0,,,,4,serial
HigherOrderAmbiguous,RecursiveWAM,16,3360,13137,9.122916666666667,0.9941386922432823,1.0,0.275,5723,0.0,5760,0,0.0,0,0,0,0,1440,40,320,7560,1.7011853588641397,0.0,0.0,,,,4,serial
HigherOrderAmbiguous,Markov-N,16,3360,13137,9.122916666666667,0.9941386922432823,1.0,0.275,5723,0.0,5760,0,0.0,0,0,0,0,1440,40,320,2376,1.7011853588641397,0.0,0.0,,,,4,serial
HigherOrderAmbiguous,DirectWAM-H8,8,3360,16159,11.221527777777778,0.8082183303422241,1.0,0.29545454545454547,5585,0.0,8640,0,0.0,0,0,0,0,1440,44,352,16776,1.6363864177421377,0.0,0.0,,,,6,serial
HigherOrderAmbiguous,DirectWAM-H16,16,3360,15900,11.041666666666666,0.8213836477987422,1.0,0.0,5840,0.0,8640,0,0.0,0,0,0,0,1440,40,320,35208,1.7011853588641397,0.0,0.0,,,,6,serial
HigherOrderAmbiguous,RecursiveWAM,16,3360,15900,11.041666666666666,0.8213836477987422,1.0,0.0,5840,0.0,8640,0,0.0,0,0,0,0,1440,40,320,7560,1.7011853588641397,0.0,0.0,,,,6,serial
HigherOrderAmbiguous,Markov-N,16,3360,15900,11.041666666666666,0.8213836477987422,1.0,0.0,5840,0.0,8640,0,0.0,0,0,0,0,1440,40,320,2376,1.7011853588641397,0.0,0.0,,,,6,serial
HigherOrderAmbiguous,DirectWAM-H8,8,3360,18885,13.114583333333334,0.6915541435001323,1.0,0.29545454545454547,5739,0.0,11520,0,0.0,0,0,0,0,1440,44,352,16776,1.6363864177421377,0.0,0.0,,,,8,serial
HigherOrderAmbiguous,DirectWAM-H16,16,3360,18780,13.041666666666666,0.6954206602768903,1.0,0.0,5840,0.0,11520,0,0.0,0,0,0,0,1440,40,320,35208,1.7011853588641397,0.0,0.0,,,,8,serial
HigherOrderAmbiguous,RecursiveWAM,16,3360,18780,13.041666666666666,0.6954206602768903,1.0,0.0,5840,0.0,11520,0,0.0,0,0,0,0,1440,40,320,7560,1.7011853588641397,0.0,0.0,,,,8,serial
HigherOrderAmbiguous,Markov-N,16,3360,18780,13.041666666666666,0.6954206602768903,1.0,0.0,5840,0.0,11520,0,0.0,0,0,0,0,1440,40,320,2376,1.7011853588641397,0.0,0.0,,,,8,serial
HigherOrderAmbiguous,DirectWAM-H8,8,3360,24337,16.900694444444444,0.5366314664913506,1.0,0.29545454545454547,6047,0.0,17280,0,0.0,0,0,0,0,1440,44,352,16776,1.6363864177421377,0.0,0.0,,,,12,serial
HigherOrderAmbiguous,DirectWAM-H16,16,3360,24540,17.041666666666668,0.5321923390383048,1.0,0.0,5840,0.0,17280,0,0.0,0,0,0,0,1440,40,320,35208,1.7011853588641397,0.0,0.0,,,,12,serial
HigherOrderAmbiguous,RecursiveWAM,16,3360,24540,17.041666666666668,0.5321923390383048,1.0,0.0,5840,0.0,17280,0,0.0,0,0,0,0,1440,40,320,7560,1.7011853588641397,0.0,0.0,,,,12,serial
HigherOrderAmbiguous,Markov-N,16,3360,24540,17.041666666666668,0.5321923390383048,1.0,0.0,5840,0.0,17280,0,0.0,0,0,0,0,1440,40,320,2376,1.7011853588641397,0.0,0.0,,,,12,serial
HigherOrderAmbiguous,DirectWAM-H8,8,3360,29789,20.686805555555555,0.4384168652858438,1.0,0.29545454545454547,6355,0.0,23040,0,0.0,0,0,0,0,1440,44,352,16776,1.6363864177421377,0.0,0.0,,,,16,serial
HigherOrderAmbiguous,DirectWAM-H16,16,3360,30300,21.041666666666668,0.431023102310231,1.0,0.0,5840,0.0,23040,0,0.0,0,0,0,0,1440,40,320,35208,1.7011853588641397,0.0,0.0,,,,16,serial
HigherOrderAmbiguous,RecursiveWAM,16,3360,30300,21.041666666666668,0.431023102310231,1.0,0.0,5840,0.0,23040,0,0.0,0,0,0,0,1440,40,320,7560,1.7011853588641397,0.0,0.0,,,,16,serial
HigherOrderAmbiguous,Markov-N,16,3360,30300,21.041666666666668,0.431023102310231,1.0,0.0,5840,0.0,23040,0,0.0,0,0,0,0,1440,40,320,2376,1.7011853588641397,0.0,0.0,,,,16,serial
HigherOrderAmbiguous,DirectWAM-H8,8,3360,41240,28.63888888888889,0.31668283220174587,1.0,0.0,6424,0.0,34560,0,0.0,0,0,0,0,1440,44,352,16776,1.6363864177421377,0.0,0.0,,,,24,serial
HigherOrderAmbiguous,DirectWAM-H16,16,3360,41820,29.041666666666668,0.3122907699665232,1.0,0.0,5840,0.0,34560,0,0.0,0,0,0,0,1440,40,320,35208,1.7011853588641397,0.0,0.0,,,,24,serial
HigherOrderAmbiguous,RecursiveWAM,16,3360,41820,29.041666666666668,0.3122907699665232,1.0,0.0,5840,0.0,34560,0,0.0,0,0,0,0,1440,40,320,7560,1.7011853588641397,0.0,0.0,,,,24,serial
HigherOrderAmbiguous,Markov-N,16,3360,41820,29.041666666666668,0.3122907699665232,1.0,0.0,5840,0.0,34560,0,0.0,0,0,0,0,1440,40,320,2376,1.7011853588641397,0.0,0.0,,,,24,serial
HigherOrderAmbiguous,DirectWAM-H8,8,3360,52760,36.638888888888886,0.24753601213040183,1.0,0.0,6424,0.0,46080,0,0.0,0,0,0,0,1440,44,352,16776,1.6363864177421377,0.0,0.0,,,,32,serial
HigherOrderAmbiguous,DirectWAM-H16,16,3360,53340,37.041666666666664,0.24484439445069367,1.0,0.0,5840,0.0,46080,0,0.0,0,0,0,0,1440,40,320,35208,1.7011853588641397,0.0,0.0,,,,32,serial
HigherOrderAmbiguous,RecursiveWAM,16,3360,53340,37.041666666666664,0.24484439445069367,1.0,0.0,5840,0.0,46080,0,0.0,0,0,0,0,1440,40,320,7560,1.7011853588641397,0.0,0.0,,,,32,serial
HigherOrderAmbiguous,Markov-N,16,3360,53340,37.041666666666664,0.24484439445069367,1.0,0.0,5840,0.0,46080,0,0.0,0,0,0,0,1440,40,320,2376,1.7011853588641397,0.0,0.0,,,,32,serial
