trace,phase,depth,horizon,train_examples,evaluation_examples,reusable_evaluation_examples,oracle_top1_accuracy,coverage,evaluation_context_reuse
403.gcc-48B,measurement_70_30,1,1,5922,2538,1911,0.5143903715332286,0.7529550827423168,0.7529550827423168
403.gcc-48B,measurement_70_30,1,4,5919,2535,1908,0.3018867924528302,0.7526627218934911,0.7526627218934911
403.gcc-48B,measurement_70_30,1,8,5915,2531,1904,0.17542016806722688,0.7522718293164757,0.7522718293164757
403.gcc-48B,measurement_70_30,1,16,5907,2523,1898,0.08008429926238145,0.7522790328973444,0.7522790328973444
403.gcc-48B,measurement_70_30,1,32,5891,2507,1884,0.04246284501061571,0.751495811727164,0.751495811727164
403.gcc-48B,measurement_70_30,2,1,5921,2538,1603,0.6668746101060512,0.6315996847911741,0.6315996847911741
403.gcc-48B,measurement_70_30,2,4,5918,2535,1600,0.411875,0.631163708086785,0.631163708086785
403.gcc-48B,measurement_70_30,2,8,5914,2531,1596,0.22305764411027568,0.6305807981035164,0.6305807981035164
403.gcc-48B,measurement_70_30,2,16,5906,2523,1591,0.10182275298554368,0.63059849385652,0.63059849385652
403.gcc-48B,measurement_70_30,2,32,5890,2507,1578,0.04752851711026616,0.6294375747905864,0.6294375747905864
403.gcc-48B,measurement_70_30,4,1,5919,2538,1143,0.7909011373578303,0.450354609929078,0.450354609929078
403.gcc-48B,measurement_70_30,4,4,5916,2535,1140,0.5289473684210526,0.44970414201183434,0.44970414201183434
403.gcc-48B,measurement_70_30,4,8,5912,2531,1136,0.3283450704225352,0.4488344527854603,0.4488344527854603
403.gcc-48B,measurement_70_30,4,16,5904,2523,1133,0.15798764342453664,0.44906856916369403,0.44906856916369403
403.gcc-48B,measurement_70_30,4,32,5888,2507,1122,0.054367201426024955,0.44754686876745114,0.44754686876745114
403.gcc-48B,measurement_70_30,8,1,5915,2538,619,0.8352180936995154,0.24389282899921197,0.24389282899921197
403.gcc-48B,measurement_70_30,8,4,5912,2535,616,0.5957792207792207,0.24299802761341222,0.24299802761341222
403.gcc-48B,measurement_70_30,8,8,5908,2531,613,0.4274061990212072,0.24219676017384434,0.24219676017384434
403.gcc-48B,measurement_70_30,8,16,5900,2523,613,0.1859706362153344,0.24296472453428458,0.24296472453428458
403.gcc-48B,measurement_70_30,8,32,5884,2507,608,0.06414473684210527,0.2425209413641803,0.2425209413641803
403.gcc-48B,measurement_70_30,16,1,5907,2538,236,0.902542372881356,0.09298660362490149,0.09298660362490149
403.gcc-48B,measurement_70_30,16,4,5904,2535,236,0.6483050847457628,0.09309664694280079,0.09309664694280079
403.gcc-48B,measurement_70_30,16,8,5900,2531,236,0.4364406779661017,0.09324377716317661,0.09324377716317661
403.gcc-48B,measurement_70_30,16,16,5892,2523,236,0.19915254237288135,0.09353943717796274,0.09353943717796274
403.gcc-48B,measurement_70_30,16,32,5876,2507,236,0.09745762711864407,0.09413641802951735,0.09413641802951735
410.bwaves-945B,measurement_70_30,1,1,63,27,0,0.0,0.0,0.0
410.bwaves-945B,measurement_70_30,1,4,60,24,0,0.0,0.0,0.0
410.bwaves-945B,measurement_70_30,1,8,56,20,0,0.0,0.0,0.0
410.bwaves-945B,measurement_70_30,1,16,48,12,0,0.0,0.0,0.0
410.bwaves-945B,measurement_70_30,1,32,32,0,0,0.0,0.0,0.0
410.bwaves-945B,measurement_70_30,2,1,62,27,0,0.0,0.0,0.0
410.bwaves-945B,measurement_70_30,2,4,59,24,0,0.0,0.0,0.0
410.bwaves-945B,measurement_70_30,2,8,55,20,0,0.0,0.0,0.0
410.bwaves-945B,measurement_70_30,2,16,47,12,0,0.0,0.0,0.0
410.bwaves-945B,measurement_70_30,2,32,31,0,0,0.0,0.0,0.0
410.bwaves-945B,measurement_70_30,4,1,60,27,0,0.0,0.0,0.0
410.bwaves-945B,measurement_70_30,4,4,57,24,0,0.0,0.0,0.0
410.bwaves-945B,measurement_70_30,4,8,53,20,0,0.0,0.0,0.0
410.bwaves-945B,measurement_70_30,4,16,45,12,0,0.0,0.0,0.0
410.bwaves-945B,measurement_70_30,4,32,29,0,0,0.0,0.0,0.0
410.bwaves-945B,measurement_70_30,8,1,56,27,0,0.0,0.0,0.0
410.bwaves-945B,measurement_70_30,8,4,53,24,0,0.0,0.0,0.0
410.bwaves-945B,measurement_70_30,8,8,49,20,0,0.0,0.0,0.0
410.bwaves-945B,measurement_70_30,8,16,41,12,0,0.0,0.0,0.0
410.bwaves-945B,measurement_70_30,8,32,25,0,0,0.0,0.0,0.0
410.bwaves-945B,measurement_70_30,16,1,48,27,0,0.0,0.0,0.0
410.bwaves-945B,measurement_70_30,16,4,45,24,0,0.0,0.0,0.0
410.bwaves-945B,measurement_70_30,16,8,41,20,0,0.0,0.0,0.0
410.bwaves-945B,measurement_70_30,16,16,33,12,0,0.0,0.0,0.0
410.bwaves-945B,measurement_70_30,16,32,17,0,0,0.0,0.0,0.0
416.gamess-875B,measurement_70_30,1,1,8163,3498,3192,0.3073308270676692,0.9125214408233276,0.9125214408233276
416.gamess-875B,measurement_70_30,1,4,8160,3495,3189,0.07808090310442145,0.9124463519313305,0.9124463519313305
416.gamess-875B,measurement_70_30,1,8,8156,3491,3186,0.032642812303829254,0.9126324835290748,0.9126324835290748
416.gamess-875B,measurement_70_30,1,16,8148,3483,3179,0.008493236866939289,0.9127189204708585,0.9127189204708585
416.gamess-875B,measurement_70_30,1,32,8132,3467,3167,0.006946637196084623,0.9134698586674358,0.9134698586674358
416.gamess-875B,measurement_70_30,2,1,8162,3498,1464,0.4959016393442623,0.41852487135506006,0.41852487135506006
416.gamess-875B,measurement_70_30,2,4,8159,3495,1461,0.14921286789869953,0.41802575107296136,0.41802575107296136
416.gamess-875B,measurement_70_30,2,8,8155,3491,1461,0.06981519507186858,0.41850472643941566,0.41850472643941566
416.gamess-875B,measurement_70_30,2,16,8147,3483,1458,0.021262002743484224,0.4186046511627907,0.4186046511627907
416.gamess-875B,measurement_70_30,2,32,8131,3467,1455,0.009621993127147767,0.41967118546293625,0.41967118546293625
416.gamess-875B,measurement_70_30,4,1,8160,3498,624,0.6233974358974359,0.1783876500857633,0.1783876500857633
416.gamess-875B,measurement_70_30,4,4,8157,3495,624,0.266025641025641,0.17854077253218884,0.17854077253218884
416.gamess-875B,measurement_70_30,4,8,8153,3491,624,0.1330128205128205,0.1787453451733028,0.1787453451733028
416.gamess-875B,measurement_70_30,4,16,8145,3483,624,0.052884615384615384,0.17915590008613264,0.17915590008613264
416.gamess-875B,measurement_70_30,4,32,8129,3467,624,0.019230769230769232,0.1799826939717335,0.1799826939717335
416.gamess-875B,measurement_70_30,8,1,8156,3498,184,0.7282608695652174,0.052601486563750716,0.052601486563750716
416.gamess-875B,measurement_70_30,8,4,8153,3495,184,0.3641304347826087,0.05264663805436338,0.05264663805436338
416.gamess-875B,measurement_70_30,8,8,8149,3491,184,0.2391304347826087,0.052706960756230305,0.052706960756230305
416.gamess-875B,measurement_70_30,8,16,8141,3483,184,0.06521739130434782,0.05282802182026988,0.05282802182026988
416.gamess-875B,measurement_70_30,8,32,8125,3467,184,0.0,0.05307182001730603,0.05307182001730603
416.gamess-875B,measurement_70_30,16,1,8148,3498,36,0.8888888888888888,0.010291595197255575,0.010291595197255575
416.gamess-875B,measurement_70_30,16,4,8145,3495,36,0.5555555555555556,0.010300429184549357,0.010300429184549357
416.gamess-875B,measurement_70_30,16,8,8141,3491,36,0.2222222222222222,0.01031223145230593,0.01031223145230593
416.gamess-875B,measurement_70_30,16,16,8133,3483,36,0.08333333333333333,0.0103359173126615,0.0103359173126615
416.gamess-875B,measurement_70_30,16,32,8117,3467,36,0.0,0.010383616959907702,0.010383616959907702
429.mcf-217B,measurement_70_30,1,1,741539,317802,315726,0.7102139196645192,0.9934676307889818,0.9934676307889818
429.mcf-217B,measurement_70_30,1,4,741536,317799,315723,0.6516851797303332,0.9934675691238802,0.9934675691238802
429.mcf-217B,measurement_70_30,1,8,741532,317795,315720,0.6353952869631319,0.9934706335845435,0.9934706335845435
429.mcf-217B,measurement_70_30,1,16,741524,317787,315713,0.6572013189193984,0.9934736159754805,0.9934736159754805
429.mcf-217B,measurement_70_30,1,32,741508,317771,315707,0.6335938069159062,0.9935047565699828,0.9935047565699828
429.mcf-217B,measurement_70_30,2,1,741538,317802,310184,0.8934084285456374,0.9760290998797994,0.9760290998797994
429.mcf-217B,measurement_70_30,2,4,741535,317799,310182,0.792963485953408,0.9760320202392078,0.9760320202392078
429.mcf-217B,measurement_70_30,2,8,741531,317795,310179,0.7882932113392589,0.9760348652433173,0.9760348652433173
429.mcf-217B,measurement_70_30,2,16,741523,317787,310173,0.7825793992384895,0.9760405554663973,0.9760405554663973
429.mcf-217B,measurement_70_30,2,32,741507,317771,310167,0.7718035767828298,0.9760708182936769,0.9760708182936769
429.mcf-217B,measurement_70_30,4,1,741536,317802,299805,0.9006154000100065,0.9433704004380086,0.9433704004380086
429.mcf-217B,measurement_70_30,4,4,741533,317799,299805,0.8043828488517536,0.9433793057876205,0.9433793057876205
429.mcf-217B,measurement_70_30,4,8,741529,317795,299803,0.8041647348425466,0.9433848864834249,0.9433848864834249
429.mcf-217B,measurement_70_30,4,16,741521,317787,299798,0.7959292590344165,0.9433929015346757,0.9433929015346757
429.mcf-217B,measurement_70_30,4,32,741505,317771,299792,0.7820889149810535,0.9434215205289344,0.9434215205289344
429.mcf-217B,measurement_70_30,8,1,741532,317802,261636,0.9061291259612592,0.8232673173862971,0.8232673173862971
429.mcf-217B,measurement_70_30,8,4,741529,317799,261636,0.8273173416502316,0.823275088971331,0.823275088971331
429.mcf-217B,measurement_70_30,8,8,741525,317795,261633,0.8155775456460003,0.8232760112651237,0.8232760112651237
429.mcf-217B,measurement_70_30,8,16,741517,317787,261628,0.8170532206032993,0.8232810026841878,0.8232810026841878
429.mcf-217B,measurement_70_30,8,32,741501,317771,261620,0.8042580842443239,0.8232972801168137,0.8232972801168137
429.mcf-217B,measurement_70_30,16,1,741524,317802,170073,0.9359921915883179,0.5351539637887741,0.5351539637887741
429.mcf-217B,measurement_70_30,16,4,741521,317799,170073,0.8781405631699329,0.5351590156042026,0.5351590156042026
429.mcf-217B,measurement_70_30,16,8,741517,317795,170070,0.8760921973305109,0.5351563114586447,0.5351563114586447
429.mcf-217B,measurement_70_30,16,16,741509,317787,170070,0.8731816310930793,0.535169783534254,0.535169783534254
429.mcf-217B,measurement_70_30,16,32,741493,317771,170070,0.8504262950549774,0.5351967297204591,0.5351967297204591
434.zeusmp-10B,measurement_70_30,1,1,125361,53726,24009,0.27485526260985466,0.4468786062614004,0.4468786062614004
434.zeusmp-10B,measurement_70_30,1,4,125358,53723,24008,0.26195434855048316,0.44688494685702584,0.44688494685702584
434.zeusmp-10B,measurement_70_30,1,8,125354,53719,24008,0.23825391536154616,0.44691822260280345,0.44691822260280345
434.zeusmp-10B,measurement_70_30,1,16,125346,53711,24006,0.25422810963925685,0.44694755264284786,0.44694755264284786
434.zeusmp-10B,measurement_70_30,1,32,125330,53695,23989,0.19079578139980824,0.44676413073843,0.44676413073843
434.zeusmp-10B,measurement_70_30,2,1,125360,53726,7601,0.7762136560978818,0.14147712466961992,0.14147712466961992
434.zeusmp-10B,measurement_70_30,2,4,125357,53723,7601,0.6270227601631364,0.14148502503583196,0.14148502503583196
434.zeusmp-10B,measurement_70_30,2,8,125353,53719,7601,0.5230890672279963,0.1414955602300862,0.1414955602300862
434.zeusmp-10B,measurement_70_30,2,16,125345,53711,7601,0.5080910406525457,0.14151663532609707,0.14151663532609707
434.zeusmp-10B,measurement_70_30,2,32,125329,53695,7589,0.39043352220318883,0.14133531986218456,0.14133531986218456
434.zeusmp-10B,measurement_70_30,4,1,125358,53726,5940,0.8841750841750842,0.11056099467669285,0.11056099467669285
434.zeusmp-10B,measurement_70_30,4,4,125355,53723,5940,0.7368686868686869,0.11056716862423915,0.11056716862423915
434.zeusmp-10B,measurement_70_30,4,8,125351,53719,5940,0.6144781144781145,0.11057540162698487,0.11057540162698487
434.zeusmp-10B,measurement_70_30,4,16,125343,53711,5919,0.5367460719716168,0.11020088994805534,0.11020088994805534
434.zeusmp-10B,measurement_70_30,4,32,125327,53695,5919,0.3934786281466464,0.11023372753515225,0.11023372753515225
434.zeusmp-10B,measurement_70_30,8,1,125354,53726,4806,0.904702455264253,0.08945389569296058,0.08945389569296058
434.zeusmp-10B,measurement_70_30,8,4,125351,53723,4806,0.7648772367873492,0.0894588909777935,0.0894588909777935
434.zeusmp-10B,measurement_70_30,8,8,125347,53719,4803,0.6666666666666666,0.0894097060630317,0.0894097060630317
434.zeusmp-10B,measurement_70_30,8,16,125339,53711,4788,0.5578529657477026,0.08914375081454451,0.08914375081454451
434.zeusmp-10B,measurement_70_30,8,32,125323,53695,4788,0.379281537176274,0.08917031380947947,0.08917031380947947
434.zeusmp-10B,measurement_70_30,16,1,125346,53726,3340,0.9413173652694611,0.062167293303056245,0.062167293303056245
434.zeusmp-10B,measurement_70_30,16,4,125343,53723,3338,0.8346315158777711,0.06213353684641587,0.06213353684641587
434.zeusmp-10B,measurement_70_30,16,8,125339,53719,3338,0.7150988615937687,0.06213816340587129,0.06213816340587129
434.zeusmp-10B,measurement_70_30,16,16,125331,53711,3338,0.5353505092869982,0.06214741859209473,0.06214741859209473
434.zeusmp-10B,measurement_70_30,16,32,125315,53695,3338,0.32893948472139006,0.0621659372381041,0.0621659372381041
435.gromacs-111B,measurement_70_30,1,1,90658,38853,38344,0.19048612559983308,0.9868993385324171,0.9868993385324171
435.gromacs-111B,measurement_70_30,1,4,90655,38850,38341,0.03257609347695678,0.9868983268983269,0.9868983268983269
435.gromacs-111B,measurement_70_30,1,8,90651,38846,38337,0.014111693664084305,0.9868969778098131,0.9868969778098131
435.gromacs-111B,measurement_70_30,1,16,90643,38838,38329,0.005844138902658561,0.9868942787991143,0.9868942787991143
435.gromacs-111B,measurement_70_30,1,32,90627,38822,38313,0.0023751729178085766,0.9868888774406265,0.9868888774406265
435.gromacs-111B,measurement_70_30,2,1,90657,38853,25380,0.3888100866824271,0.6532314107018763,0.6532314107018763
435.gromacs-111B,measurement_70_30,2,4,90654,38850,25378,0.09563401371266451,0.6532303732303733,0.6532303732303733
435.gromacs-111B,measurement_70_30,2,8,90650,38846,25375,0.03799014778325123,0.6532204087936981,0.6532204087936981
435.gromacs-111B,measurement_70_30,2,16,90642,38838,25368,0.016359192683695994,0.6531747257840259,0.6531747257840259
435.gromacs-111B,measurement_70_30,2,32,90626,38822,25354,0.008558807288790724,0.6530833032816444,0.6530833032816444
435.gromacs-111B,measurement_70_30,4,1,90655,38853,7925,0.5076340694006309,0.20397395310529431,0.20397395310529431
435.gromacs-111B,measurement_70_30,4,4,90652,38850,7924,0.15459363957597172,0.20396396396396396,0.20396396396396396
435.gromacs-111B,measurement_70_30,4,8,90648,38846,7923,0.06474820143884892,0.20395922360088556,0.20395922360088556
435.gromacs-111B,measurement_70_30,4,16,90640,38838,7922,0.025877303711184043,0.20397548792419795,0.20397548792419795
435.gromacs-111B,measurement_70_30,4,32,90624,38822,7915,0.014529374605180037,0.2038792437277832,0.2038792437277832
435.gromacs-111B,measurement_70_30,8,1,90651,38853,883,0.5639864099660249,0.022726687771858028,0.022726687771858028
435.gromacs-111B,measurement_70_30,8,4,90648,38850,883,0.18912797281993204,0.022728442728442728,0.022728442728442728
435.gromacs-111B,measurement_70_30,8,8,90644,38846,883,0.08720271800679502,0.022730783092210265,0.022730783092210265
435.gromacs-111B,measurement_70_30,8,16,90636,38838,883,0.0362400906002265,0.022735465265976623,0.022735465265976623
435.gromacs-111B,measurement_70_30,8,32,90620,38822,882,0.01473922902494331,0.02271907681211684,0.02271907681211684
435.gromacs-111B,measurement_70_30,16,1,90643,38853,13,0.6153846153846154,0.0003345944972074229,0.0003345944972074229
435.gromacs-111B,measurement_70_30,16,4,90640,38850,13,0.38461538461538464,0.00033462033462033463,0.00033462033462033463
435.gromacs-111B,measurement_70_30,16,8,90636,38846,13,0.15384615384615385,0.00033465479071204243,0.00033465479071204243
435.gromacs-111B,measurement_70_30,16,16,90628,38838,13,0.07692307692307693,0.0003347237241876513,0.0003347237241876513
435.gromacs-111B,measurement_70_30,16,32,90612,38822,13,0.0,0.0003348616763690691,0.0003348616763690691
447.dealII-3B,measurement_70_30,1,1,11007,4717,4564,0.9123575810692375,0.967564129743481,0.967564129743481
447.dealII-3B,measurement_70_30,1,4,11004,4714,4561,0.8916904187678141,0.9675434874840899,0.9675434874840899
447.dealII-3B,measurement_70_30,1,8,11000,4710,4557,0.8810621022602589,0.967515923566879,0.967515923566879
447.dealII-3B,measurement_70_30,1,16,10992,4702,4549,0.8692020224225104,0.9674606550404083,0.9674606550404083
447.dealII-3B,measurement_70_30,1,32,10976,4686,4544,0.8470510563380281,0.9696969696969697,0.9696969696969697
447.dealII-3B,measurement_70_30,2,1,11006,4717,4261,0.9777047641398733,0.9033283866864532,0.9033283866864532
447.dealII-3B,measurement_70_30,2,4,11003,4714,4260,0.961737089201878,0.903691132795927,0.903691132795927
447.dealII-3B,measurement_70_30,2,8,10999,4710,4259,0.9502230570556469,0.9042462845010616,0.9042462845010616
447.dealII-3B,measurement_70_30,2,16,10991,4702,4259,0.9333176802066213,0.9057847724372607,0.9057847724372607
447.dealII-3B,measurement_70_30,2,32,10975,4686,4258,0.9074682949741663,0.9086641058472045,0.9086641058472045
447.dealII-3B,measurement_70_30,4,1,11004,4717,4140,0.9917874396135266,0.8776764892940428,0.8776764892940428
447.dealII-3B,measurement_70_30,4,4,11001,4714,4140,0.9806763285024155,0.8782350445481545,0.8782350445481545
447.dealII-3B,measurement_70_30,4,8,10997,4710,4140,0.971256038647343,0.8789808917197452,0.8789808917197452
447.dealII-3B,measurement_70_30,4,16,10989,4702,4140,0.9555555555555556,0.880476393024245,0.880476393024245
447.dealII-3B,measurement_70_30,4,32,10973,4686,4140,0.9289855072463769,0.8834827144686299,0.8834827144686299
447.dealII-3B,measurement_70_30,8,1,11000,4717,4056,0.9958086785009862,0.8598685605257579,0.8598685605257579
447.dealII-3B,measurement_70_30,8,4,10997,4714,4056,0.9886587771203156,0.8604157827747136,0.8604157827747136
447.dealII-3B,measurement_70_30,8,8,10993,4710,4056,0.9800295857988166,0.8611464968152867,0.8611464968152867
447.dealII-3B,measurement_70_30,8,16,10985,4702,4056,0.9649901380670611,0.8626116546150574,0.8626116546150574
447.dealII-3B,measurement_70_30,8,32,10969,4686,4056,0.9403353057199211,0.8655569782330346,0.8655569782330346
447.dealII-3B,measurement_70_30,16,1,10992,4717,3968,0.9964717741935484,0.8412126351494594,0.8412126351494594
447.dealII-3B,measurement_70_30,16,4,10989,4714,3968,0.9899193548387096,0.841747984726347,0.841747984726347
447.dealII-3B,measurement_70_30,16,8,10985,4710,3968,0.9828629032258065,0.8424628450106157,0.8424628450106157
447.dealII-3B,measurement_70_30,16,16,10977,4702,3968,0.9692540322580645,0.8438962143768609,0.8438962143768609
447.dealII-3B,measurement_70_30,16,32,10961,4686,3968,0.9458165322580645,0.8467776355100298,0.8467776355100298
453.povray-576B,measurement_70_30,1,1,51424,22039,20715,0.6419985517740767,0.939924678978175,0.939924678978175
453.povray-576B,measurement_70_30,1,4,51421,22036,20715,0.4548394882935071,0.9400526411326919,0.9400526411326919
453.povray-576B,measurement_70_30,1,8,51417,22032,20713,0.3801477333075846,0.9401325344952796,0.9401325344952796
453.povray-576B,measurement_70_30,1,16,51409,22024,20710,0.2957991308546596,0.9403378132945878,0.9403378132945878
453.povray-576B,measurement_70_30,1,32,51393,22008,20709,0.2072528852189869,0.9409760087241004,0.9409760087241004
453.povray-576B,measurement_70_30,2,1,51423,22039,19548,0.7996214446490689,0.8869730931530468,0.8869730931530468
453.povray-576B,measurement_70_30,2,4,51420,22036,19548,0.6189891549007571,0.8870938464331095,0.8870938464331095
453.povray-576B,measurement_70_30,2,8,51416,22032,19548,0.52573153263761,0.8872549019607843,0.8872549019607843
453.povray-576B,measurement_70_30,2,16,51408,22024,19548,0.4037753222836096,0.8875771885216128,0.8875771885216128
453.povray-576B,measurement_70_30,2,32,51392,22008,19548,0.2781870268058113,0.8882224645583424,0.8882224645583424
453.povray-576B,measurement_70_30,4,1,51421,22039,18336,0.8869982547993019,0.8319796723989292,0.8319796723989292
453.povray-576B,measurement_70_30,4,4,51418,22036,18336,0.7360929319371727,0.8320929388273733,0.8320929388273733
453.povray-576B,measurement_70_30,4,8,51414,22032,18336,0.6248363874345549,0.8322440087145969,0.8322440087145969
453.povray-576B,measurement_70_30,4,16,51406,22024,18336,0.4826570680628272,0.8325463131129677,0.8325463131129677
453.povray-576B,measurement_70_30,4,32,51390,22008,18334,0.32676993563870405,0.8330607051981098,0.8330607051981098
453.povray-576B,measurement_70_30,8,1,51417,22039,16425,0.9260273972602739,0.7452697490811743,0.7452697490811743
453.povray-576B,measurement_70_30,8,4,51414,22036,16425,0.7922678843226788,0.745371210746052,0.745371210746052
453.povray-576B,measurement_70_30,8,8,51410,22032,16425,0.6844444444444444,0.7455065359477124,0.7455065359477124
453.povray-576B,measurement_70_30,8,16,51402,22024,16425,0.5344292237442922,0.7457773338176534,0.7457773338176534
453.povray-576B,measurement_70_30,8,32,51386,22008,16418,0.3545498842733585,0.7460014540167212,0.7460014540167212
453.povray-576B,measurement_70_30,16,1,51409,22039,13122,0.942539247065996,0.5953990652933436,0.5953990652933436
453.povray-576B,measurement_70_30,16,4,51406,22036,13122,0.8267032464563329,0.5954801234343801,0.5954801234343801
453.povray-576B,measurement_70_30,16,8,51402,22032,13122,0.7204694406340497,0.5955882352941176,0.5955882352941176
453.povray-576B,measurement_70_30,16,16,51394,22024,13122,0.5727023319615913,0.5958045768252815,0.5958045768252815
453.povray-576B,measurement_70_30,16,32,51378,22008,13117,0.388427231836548,0.5960105416212287,0.5960105416212287
454.calculix-104B,measurement_70_30,1,1,16,7,0,0.0,0.0,0.0
454.calculix-104B,measurement_70_30,1,4,13,4,0,0.0,0.0,0.0
454.calculix-104B,measurement_70_30,1,8,9,0,0,0.0,0.0,0.0
454.calculix-104B,measurement_70_30,1,16,1,0,0,0.0,0.0,0.0
454.calculix-104B,measurement_70_30,1,32,0,0,0,0.0,0.0,0.0
454.calculix-104B,measurement_70_30,2,1,15,7,0,0.0,0.0,0.0
454.calculix-104B,measurement_70_30,2,4,12,4,0,0.0,0.0,0.0
454.calculix-104B,measurement_70_30,2,8,8,0,0,0.0,0.0,0.0
454.calculix-104B,measurement_70_30,2,16,0,0,0,0.0,0.0,0.0
454.calculix-104B,measurement_70_30,2,32,0,0,0,0.0,0.0,0.0
454.calculix-104B,measurement_70_30,4,1,13,7,0,0.0,0.0,0.0
454.calculix-104B,measurement_70_30,4,4,10,4,0,0.0,0.0,0.0
454.calculix-104B,measurement_70_30,4,8,6,0,0,0.0,0.0,0.0
454.calculix-104B,measurement_70_30,4,16,0,0,0,0.0,0.0,0.0
454.calculix-104B,measurement_70_30,4,32,0,0,0,0.0,0.0,0.0
454.calculix-104B,measurement_70_30,8,1,9,7,0,0.0,0.0,0.0
454.calculix-104B,measurement_70_30,8,4,6,4,0,0.0,0.0,0.0
454.calculix-104B,measurement_70_30,8,8,2,0,0,0.0,0.0,0.0
454.calculix-104B,measurement_70_30,8,16,0,0,0,0.0,0.0,0.0
454.calculix-104B,measurement_70_30,8,32,0,0,0,0.0,0.0,0.0
454.calculix-104B,measurement_70_30,16,1,1,7,0,0.0,0.0,0.0
454.calculix-104B,measurement_70_30,16,4,0,4,0,0.0,0.0,0.0
454.calculix-104B,measurement_70_30,16,8,0,0,0,0.0,0.0,0.0
454.calculix-104B,measurement_70_30,16,16,0,0,0,0.0,0.0,0.0
454.calculix-104B,measurement_70_30,16,32,0,0,0,0.0,0.0,0.0
465.tonto-44B,measurement_70_30,1,1,4874,2089,1054,0.45161290322580644,0.5045476304451891,0.5045476304451891
465.tonto-44B,measurement_70_30,1,4,4871,2086,1051,0.28068506184586106,0.5038350910834132,0.5038350910834132
465.tonto-44B,measurement_70_30,1,8,4867,2082,1047,0.21298949379178606,0.5028818443804035,0.5028818443804035
465.tonto-44B,measurement_70_30,1,16,4859,2074,1042,0.11228406909788867,0.502410800385728,0.502410800385728
465.tonto-44B,measurement_70_30,1,32,4843,2058,1037,0.0009643201542912247,0.5038872691933917,0.5038872691933917
465.tonto-44B,measurement_70_30,2,1,4873,2089,504,0.7261904761904762,0.24126376256582097,0.24126376256582097
465.tonto-44B,measurement_70_30,2,4,4870,2086,503,0.5347912524850894,0.2411313518696069,0.2411313518696069
465.tonto-44B,measurement_70_30,2,8,4866,2082,501,0.4111776447105788,0.24063400576368876,0.24063400576368876
465.tonto-44B,measurement_70_30,2,16,4858,2074,500,0.21,0.24108003857280616,0.24108003857280616
465.tonto-44B,measurement_70_30,2,32,4842,2058,499,0.0,0.2424684159378037,0.2424684159378037
465.tonto-44B,measurement_70_30,4,1,4871,2089,319,0.8996865203761756,0.1527046433700335,0.1527046433700335
465.tonto-44B,measurement_70_30,4,4,4868,2086,319,0.7335423197492164,0.1529242569511026,0.1529242569511026
465.tonto-44B,measurement_70_30,4,8,4864,2082,319,0.5611285266457681,0.15321805955811718,0.15321805955811718
465.tonto-44B,measurement_70_30,4,16,4856,2074,319,0.25391849529780564,0.15380906460945035,0.15380906460945035
465.tonto-44B,measurement_70_30,4,32,4840,2058,319,0.0,0.15500485908649175,0.15500485908649175
465.tonto-44B,measurement_70_30,8,1,4867,2089,237,0.9240506329113924,0.11345141215892772,0.11345141215892772
465.tonto-44B,measurement_70_30,8,4,4864,2086,237,0.7510548523206751,0.11361457334611696,0.11361457334611696
465.tonto-44B,measurement_70_30,8,8,4860,2082,237,0.540084388185654,0.1138328530259366,0.1138328530259366
465.tonto-44B,measurement_70_30,8,16,4852,2074,237,0.15611814345991562,0.11427193828351012,0.11427193828351012
465.tonto-44B,measurement_70_30,8,32,4836,2058,237,0.0,0.1151603498542274,0.1151603498542274
465.tonto-44B,measurement_70_30,16,1,4859,2089,131,0.8854961832061069,0.0627094303494495,0.0627094303494495
465.tonto-44B,measurement_70_30,16,4,4856,2086,131,0.6183206106870229,0.06279961649089166,0.06279961649089166
465.tonto-44B,measurement_70_30,16,8,4852,2082,131,0.2824427480916031,0.06292026897214217,0.06292026897214217
465.tonto-44B,measurement_70_30,16,16,4844,2074,131,0.0,0.06316297010607522,0.06316297010607522
465.tonto-44B,measurement_70_30,16,32,4828,2058,131,0.0,0.06365403304178814,0.06365403304178814
