workload,system,horizon,mean_lead_time,median_lead_time,mean_slack,median_slack,late_rate,cycles_hidden,fully_hidden,partially_hidden,unhidden
Sequential,Oracle,1,1.0,1,-149.0,-149,1.0,0,0,0,600
Sequential,DirectWAM,1,0.0,0.0,0.0,0.0,0.0,0,0,0,600
Sequential,RecursiveWAM,1,0.0,0.0,0.0,0.0,0.0,0,0,0,600
Sequential,DirectMarkov,1,0.0,0.0,0.0,0.0,0.0,0,0,0,600
Sequential,Oracle,2,78.00167224080268,150,-71.99832775919732,0,0.5,44251,299,299,2
Sequential,DirectWAM,2,0.0,0.0,0.0,0.0,0.0,0,0,0,600
Sequential,RecursiveWAM,2,0.0,0.0,0.0,0.0,0.0,0,0,0,600
Sequential,DirectMarkov,2,0.0,0.0,0.0,0.0,0.0,0,0,0,600
Sequential,Oracle,4,117.29026845637584,150,-32.70973154362416,0,0.2533557046979866,67047,445,151,4
Sequential,DirectWAM,4,0.0,0.0,0.0,0.0,0.0,0,0,0,600
Sequential,RecursiveWAM,4,0.0,0.0,0.0,0.0,0.0,0,0,0,600
Sequential,DirectMarkov,4,0.0,0.0,0.0,0.0,0.0,0,0,0,600
Sequential,Oracle,8,141.2956081081081,150,-8.704391891891891,0,0.13513513513513514,77989,512,80,8
Sequential,DirectWAM,8,0.0,0.0,0.0,0.0,0.0,0,0,0,600
Sequential,RecursiveWAM,8,0.0,0.0,0.0,0.0,0.0,0,0,0,600
Sequential,DirectMarkov,8,0.0,0.0,0.0,0.0,0.0,0,0,0,600
Sequential,Oracle,16,651.939534883721,366,501.9395348837209,216,0.002325581395348837,62698,429,1,170
Sequential,DirectWAM,16,0.0,0.0,0.0,0.0,0.0,0,0,0,600
Sequential,RecursiveWAM,16,0.0,0.0,0.0,0.0,0.0,0,0,0,600
Sequential,DirectMarkov,16,0.0,0.0,0.0,0.0,0.0,0,0,0,600
Sequential,Oracle,32,1762.758426966292,1462,1612.758426966292,1312,0.0028089887640449437,51958,355,1,244
Sequential,DirectWAM,32,0.0,0.0,0.0,0.0,0.0,0,0,0,600
Sequential,RecursiveWAM,32,0.0,0.0,0.0,0.0,0.0,0,0,0,600
Sequential,DirectMarkov,32,0.0,0.0,0.0,0.0,0.0,0,0,0,600
Stride,Oracle,1,1.0,1,-149.0,-149,1.0,0,0,0,600
Stride,DirectWAM,1,0.0,0.0,0.0,0.0,0.0,0,0,0,600
Stride,RecursiveWAM,1,0.0,0.0,0.0,0.0,0.0,0,0,0,600
Stride,DirectMarkov,1,0.0,0.0,0.0,0.0,0.0,0,0,0,600
Stride,Oracle,2,78.00167224080268,150,-71.99832775919732,0,0.5,44251,299,299,2
Stride,DirectWAM,2,0.0,0.0,0.0,0.0,0.0,0,0,0,600
Stride,RecursiveWAM,2,0.0,0.0,0.0,0.0,0.0,0,0,0,600
Stride,DirectMarkov,2,0.0,0.0,0.0,0.0,0.0,0,0,0,600
Stride,Oracle,4,117.29026845637584,150,-32.70973154362416,0,0.2533557046979866,67047,445,151,4
Stride,DirectWAM,4,0.0,0.0,0.0,0.0,0.0,0,0,0,600
Stride,RecursiveWAM,4,0.0,0.0,0.0,0.0,0.0,0,0,0,600
Stride,DirectMarkov,4,0.0,0.0,0.0,0.0,0.0,0,0,0,600
Stride,Oracle,8,141.2956081081081,150,-8.704391891891891,0,0.13513513513513514,77989,512,80,8
Stride,DirectWAM,8,0.0,0.0,0.0,0.0,0.0,0,0,0,600
Stride,RecursiveWAM,8,0.0,0.0,0.0,0.0,0.0,0,0,0,600
Stride,DirectMarkov,8,0.0,0.0,0.0,0.0,0.0,0,0,0,600
Stride,Oracle,16,651.939534883721,366,501.9395348837209,216,0.002325581395348837,62698,429,1,170
Stride,DirectWAM,16,0.0,0.0,0.0,0.0,0.0,0,0,0,600
Stride,RecursiveWAM,16,0.0,0.0,0.0,0.0,0.0,0,0,0,600
Stride,DirectMarkov,16,0.0,0.0,0.0,0.0,0.0,0,0,0,600
Stride,Oracle,32,1762.758426966292,1462,1612.758426966292,1312,0.0028089887640449437,51958,355,1,244
Stride,DirectWAM,32,0.0,0.0,0.0,0.0,0.0,0,0,0,600
Stride,RecursiveWAM,32,0.0,0.0,0.0,0.0,0.0,0,0,0,600
Stride,DirectMarkov,32,0.0,0.0,0.0,0.0,0.0,0,0,0,600
Repeating,Oracle,1,1.0,1,-149.0,-149,1.0,0,0,0,4
Repeating,DirectWAM,1,1.0,1,-149.0,-149,1.0,0,0,0,4
Repeating,RecursiveWAM,1,1.0,1,-149.0,-149,1.0,0,0,0,4
Repeating,DirectMarkov,1,1.0,1,-149.0,-149,1.0,0,0,0,4
Repeating,Oracle,2,78.5,152,-71.5,2,0.5,147,1,1,2
Repeating,DirectWAM,2,86.5,160,-63.5,10,0.5,155,1,1,2
Repeating,RecursiveWAM,2,86.5,160,-63.5,10,0.5,155,1,1,2
Repeating,DirectMarkov,2,86.5,160,-63.5,10,0.5,155,1,1,2
Repeating,Oracle,4,0.0,0.0,0.0,0.0,0.0,0,0,0,4
Repeating,DirectWAM,4,0.0,0.0,0.0,0.0,0.0,0,0,0,4
Repeating,RecursiveWAM,4,0.0,0.0,0.0,0.0,0.0,0,0,0,4
Repeating,DirectMarkov,4,0.0,0.0,0.0,0.0,0.0,0,0,0,4
Repeating,Oracle,8,0.0,0.0,0.0,0.0,0.0,0,0,0,4
Repeating,DirectWAM,8,0.0,0.0,0.0,0.0,0.0,0,0,0,4
Repeating,RecursiveWAM,8,0.0,0.0,0.0,0.0,0.0,0,0,0,4
Repeating,DirectMarkov,8,0.0,0.0,0.0,0.0,0.0,0,0,0,4
Repeating,Oracle,16,0.0,0.0,0.0,0.0,0.0,0,0,0,4
Repeating,DirectWAM,16,0.0,0.0,0.0,0.0,0.0,0,0,0,4
Repeating,RecursiveWAM,16,0.0,0.0,0.0,0.0,0.0,0,0,0,4
Repeating,DirectMarkov,16,0.0,0.0,0.0,0.0,0.0,0,0,0,4
Repeating,Oracle,32,0.0,0.0,0.0,0.0,0.0,0,0,0,4
Repeating,DirectWAM,32,0.0,0.0,0.0,0.0,0.0,0,0,0,4
Repeating,RecursiveWAM,32,0.0,0.0,0.0,0.0,0.0,0,0,0,4
Repeating,DirectMarkov,32,0.0,0.0,0.0,0.0,0.0,0,0,0,4
Contextual,Oracle,1,1.0,1,-149.0,-149,1.0,0,0,0,5
Contextual,DirectWAM,1,1.0,1,-149.0,-149,1.0,0,0,0,5
Contextual,RecursiveWAM,1,1.0,1,-149.0,-149,1.0,0,0,0,5
Contextual,DirectMarkov,1,1.0,1,-149.0,-149,1.0,0,0,0,5
Contextual,Oracle,2,54.0,5,-96.0,-145,0.6666666666666666,148,1,2,2
Contextual,DirectWAM,2,62.0,13,-88.0,-137,0.6666666666666666,164,1,2,2
Contextual,RecursiveWAM,2,62.0,13,-88.0,-137,0.6666666666666666,164,1,2,2
Contextual,DirectMarkov,2,62.0,13,-88.0,-137,0.6666666666666666,164,1,2,2
Contextual,Oracle,4,153.0,305,3.0,155,0.5,146,1,0,4
Contextual,DirectWAM,4,165.0,329,15.0,179,0.5,146,1,0,4
Contextual,RecursiveWAM,4,165.0,329,15.0,179,0.5,146,1,0,4
Contextual,DirectMarkov,4,165.0,329,15.0,179,0.5,146,1,0,4
Contextual,Oracle,8,54.0,5,-96.0,-145,0.6666666666666666,148,1,2,2
Contextual,DirectWAM,8,62.0,13,-88.0,-137,0.6666666666666666,164,1,2,2
Contextual,RecursiveWAM,8,62.0,13,-88.0,-137,0.6666666666666666,164,1,2,2
Contextual,DirectMarkov,8,62.0,13,-88.0,-137,0.6666666666666666,164,1,2,2
Contextual,Oracle,16,153.0,305,3.0,155,0.5,146,1,0,4
Contextual,DirectWAM,16,165.0,329,15.0,179,0.5,146,1,0,4
Contextual,RecursiveWAM,16,165.0,329,15.0,179,0.5,146,1,0,4
Contextual,DirectMarkov,16,165.0,329,15.0,179,0.5,146,1,0,4
Contextual,Oracle,32,54.0,5,-96.0,-145,0.6666666666666666,148,1,2,2
Contextual,DirectWAM,32,62.0,13,-88.0,-137,0.6666666666666666,164,1,2,2
Contextual,RecursiveWAM,32,62.0,13,-88.0,-137,0.6666666666666666,164,1,2,2
Contextual,DirectMarkov,32,62.0,13,-88.0,-137,0.6666666666666666,164,1,2,2
LongerDependency,Oracle,1,1.0,1,-149.0,-149,1.0,0,0,0,7
LongerDependency,DirectWAM,1,1.0,1,-149.0,-149,1.0,0,0,0,7
LongerDependency,RecursiveWAM,1,1.0,1,-149.0,-149,1.0,0,0,0,7
LongerDependency,DirectMarkov,1,1.0,1,-149.0,-149,1.0,0,0,0,7
LongerDependency,Oracle,2,63.6,6,-86.4,-144,0.6,296,2,3,2
LongerDependency,DirectWAM,2,70.0,14,-80.0,-136,0.6,320,2,3,2
LongerDependency,RecursiveWAM,2,70.0,14,-80.0,-136,0.6,320,2,3,2
LongerDependency,DirectMarkov,2,70.0,14,-80.0,-136,0.6,320,2,3,2
LongerDependency,Oracle,4,256.6666666666667,305,106.66666666666667,155,0.3333333333333333,301,2,1,4
LongerDependency,DirectWAM,4,280.6666666666667,329,130.66666666666666,179,0.3333333333333333,325,2,1,4
LongerDependency,RecursiveWAM,4,280.6666666666667,329,130.66666666666666,179,0.3333333333333333,325,2,1,4
LongerDependency,DirectMarkov,4,280.6666666666667,329,130.66666666666666,179,0.3333333333333333,325,2,1,4
LongerDependency,Oracle,8,384.5,467,234.5,317,0.0,292,2,0,5
LongerDependency,DirectWAM,8,420.5,523,270.5,373,0.0,292,2,0,5
LongerDependency,RecursiveWAM,8,420.5,523,270.5,373,0.0,292,2,0,5
LongerDependency,DirectMarkov,8,420.5,523,270.5,373,0.0,292,2,0,5
LongerDependency,Oracle,16,79.0,1,-71.0,-149,0.75,146,1,0,6
LongerDependency,DirectWAM,16,89.0,1,-61.0,-149,0.75,146,1,0,6
LongerDependency,RecursiveWAM,16,89.0,1,-61.0,-149,0.75,146,1,0,6
LongerDependency,DirectMarkov,16,89.0,1,-61.0,-149,0.75,146,1,0,6
LongerDependency,Oracle,32,63.6,6,-86.4,-144,0.6,296,2,3,2
LongerDependency,DirectWAM,32,70.0,14,-80.0,-136,0.6,320,2,3,2
LongerDependency,RecursiveWAM,32,70.0,14,-80.0,-136,0.6,320,2,3,2
LongerDependency,DirectMarkov,32,70.0,14,-80.0,-136,0.6,320,2,3,2
Probabilistic,Oracle,1,1.0,1,-149.0,-149,1.0,0,0,0,4
Probabilistic,DirectWAM,1,37.0,1,-113.0,-149,1.0,105,0,1,3
Probabilistic,RecursiveWAM,1,1.0,1,-149.0,-149,1.0,0,0,0,4
Probabilistic,DirectMarkov,1,37.0,1,-113.0,-149,1.0,105,0,1,3
Probabilistic,Oracle,2,78.0,151,-72.0,1,0.5,147,1,1,2
Probabilistic,DirectWAM,2,140.5,160,-9.5,10,0.5,263,1,1,2
Probabilistic,RecursiveWAM,2,159.0,159,9.0,9,0.0,146,1,0,3
Probabilistic,DirectMarkov,2,140.5,160,-9.5,10,0.5,263,1,1,2
Probabilistic,Oracle,4,5.0,1,-145.0,-149,1.0,9,0,1,3
Probabilistic,DirectWAM,4,37.0,1,-113.0,-149,1.0,105,0,1,3
Probabilistic,RecursiveWAM,4,1.0,1,-149.0,-149,1.0,0,0,0,4
Probabilistic,DirectMarkov,4,37.0,1,-113.0,-149,1.0,105,0,1,3
Probabilistic,Oracle,8,90.0,151,-60.0,1,0.5,171,1,1,2
Probabilistic,DirectWAM,8,140.5,160,-9.5,10,0.5,263,1,1,2
Probabilistic,RecursiveWAM,8,159.0,159,9.0,9,0.0,146,1,0,3
Probabilistic,DirectMarkov,8,140.5,160,-9.5,10,0.5,263,1,1,2
Probabilistic,Oracle,16,9.0,1,-141.0,-149,1.0,21,0,1,3
Probabilistic,DirectWAM,16,37.0,1,-113.0,-149,1.0,105,0,1,3
Probabilistic,RecursiveWAM,16,1.0,1,-149.0,-149,1.0,0,0,0,4
Probabilistic,DirectMarkov,16,37.0,1,-113.0,-149,1.0,105,0,1,3
Probabilistic,Oracle,32,90.0,151,-60.0,1,0.5,171,1,1,2
Probabilistic,DirectWAM,32,140.5,160,-9.5,10,0.5,263,1,1,2
Probabilistic,RecursiveWAM,32,159.0,159,9.0,9,0.0,146,1,0,3
Probabilistic,DirectMarkov,32,140.5,160,-9.5,10,0.5,263,1,1,2
PhaseChanging,Oracle,1,1.0,1,-149.0,-149,1.0,0,0,0,3
PhaseChanging,DirectWAM,1,1.0,1,-149.0,-149,1.0,0,0,0,3
PhaseChanging,RecursiveWAM,1,1.0,1,-149.0,-149,1.0,0,0,0,3
PhaseChanging,DirectMarkov,1,1.0,1,-149.0,-149,1.0,0,0,0,3
PhaseChanging,Oracle,2,151.0,151,1.0,1,0.0,146,1,0,2
PhaseChanging,DirectWAM,2,159.0,159,9.0,9,0.0,146,1,0,2
PhaseChanging,RecursiveWAM,2,159.0,159,9.0,9,0.0,146,1,0,2
PhaseChanging,DirectMarkov,2,159.0,159,9.0,9,0.0,146,1,0,2
PhaseChanging,Oracle,4,1.0,1,-149.0,-149,1.0,0,0,0,3
PhaseChanging,DirectWAM,4,1.0,1,-149.0,-149,1.0,0,0,0,3
PhaseChanging,RecursiveWAM,4,1.0,1,-149.0,-149,1.0,0,0,0,3
PhaseChanging,DirectMarkov,4,1.0,1,-149.0,-149,1.0,0,0,0,3
PhaseChanging,Oracle,8,151.0,151,1.0,1,0.0,146,1,0,2
PhaseChanging,DirectWAM,8,159.0,159,9.0,9,0.0,146,1,0,2
PhaseChanging,RecursiveWAM,8,159.0,159,9.0,9,0.0,146,1,0,2
PhaseChanging,DirectMarkov,8,159.0,159,9.0,9,0.0,146,1,0,2
PhaseChanging,Oracle,16,1.0,1,-149.0,-149,1.0,0,0,0,3
PhaseChanging,DirectWAM,16,1.0,1,-149.0,-149,1.0,0,0,0,3
PhaseChanging,RecursiveWAM,16,1.0,1,-149.0,-149,1.0,0,0,0,3
PhaseChanging,DirectMarkov,16,1.0,1,-149.0,-149,1.0,0,0,0,3
PhaseChanging,Oracle,32,151.0,151,1.0,1,0.0,146,1,0,2
PhaseChanging,DirectWAM,32,159.0,159,9.0,9,0.0,146,1,0,2
PhaseChanging,RecursiveWAM,32,159.0,159,9.0,9,0.0,146,1,0,2
PhaseChanging,DirectMarkov,32,159.0,159,9.0,9,0.0,146,1,0,2
Random,Oracle,1,1.0,1,-149.0,-149,1.0,0,0,0,572
Random,DirectWAM,1,2188.3076923076924,2347,2038.3076923076924,2197,0.0,1898,13,0,447
Random,RecursiveWAM,1,3056.8888888888887,3479,2906.8888888888887,3329,0.0,1314,9,0,451
Random,DirectMarkov,1,0.0,0.0,0.0,0.0,0.0,0,0,0,457
Random,Oracle,2,76.82716049382717,14,-73.17283950617283,-136,0.5520282186948854,41287,254,313,4
Random,DirectWAM,2,2505.0,3245,2355.0,3095,0.1,1314,9,0,450
Random,RecursiveWAM,2,2339.1428571428573,2465,2189.1428571428573,2315,0.14285714285714285,876,6,0,453
Random,DirectMarkov,2,0.0,0.0,0.0,0.0,0.0,0,0,0,457
Random,Oracle,4,117.4306049822064,150,-32.569395017793596,0,0.3398576512455516,62861,371,191,8
Random,DirectWAM,4,2290.0,2131,2140.0,1981,0.0,2336,16,0,446
Random,RecursiveWAM,4,3074.8,3776,2924.8,3626,0.0,1460,10,0,450
Random,DirectMarkov,4,0.0,0.0,0.0,0.0,0.0,0,0,0,457
Random,Oracle,8,148.56781193490053,150,-1.4321880650994574,0,0.25678119349005424,72835,411,142,15
Random,DirectWAM,8,2134.6666666666665,2058,1984.6666666666667,1908,0.1111111111111111,2336,16,0,444
Random,RecursiveWAM,8,2978.6111111111113,2949,2828.6111111111113,2799,0.1111111111111111,2336,16,0,442
Random,DirectMarkov,8,0.0,0.0,0.0,0.0,0.0,0,0,0,457
Random,Oracle,16,565.3756097560976,516,415.37560975609756,366,0.05609756097560976,58919,387,23,136
Random,DirectWAM,16,2337.157894736842,2620,2187.157894736842,2470,0.05263157894736842,2640,18,1,442
Random,RecursiveWAM,16,2378.6428571428573,3016,2228.6428571428573,2866,0.0,2044,14,0,445
Random,DirectMarkov,16,0.0,0.0,0.0,0.0,0.0,0,0,0,457
Random,Oracle,32,1553.969512195122,1472,1403.969512195122,1322,0.03048780487804878,47834,318,10,190
Random,DirectWAM,32,2336.05,2859,2186.05,2709,0.05,2774,19,0,441
Random,RecursiveWAM,32,2911.3333333333335,2855,2761.3333333333335,2705,0.0,3066,21,0,438
Random,DirectMarkov,32,0.0,0.0,0.0,0.0,0.0,0,0,0,457
LongHigherOrder,Oracle,1,1.0,1,-149.0,-149,1.0,0,0,0,50
LongHigherOrder,DirectWAM,1,1.0,1,-149.0,-149,1.0,0,0,0,50
LongHigherOrder,RecursiveWAM,1,1.0,1,-149.0,-149,1.0,0,0,0,50
LongHigherOrder,DirectMarkov,1,1.0,1,-149.0,-149,1.0,0,0,0,50
LongHigherOrder,Oracle,2,77.54166666666667,149,-72.45833333333333,-1,0.9791666666666666,3528,1,47,2
LongHigherOrder,DirectWAM,2,81.70833333333333,149,-68.29166666666667,-1,0.9791666666666666,3720,1,47,2
LongHigherOrder,RecursiveWAM,2,81.70833333333333,149,-68.29166666666667,-1,0.9791666666666666,3720,1,47,2
LongHigherOrder,DirectMarkov,2,81.70833333333333,149,-68.29166666666667,-1,0.9791666666666666,3720,1,47,2
LongHigherOrder,Oracle,4,88.54347826086956,150,-61.45652173913044,0,0.5,3587,23,23,4
LongHigherOrder,DirectWAM,4,101.06521739130434,150,-48.93478260869565,0,0.5,4139,23,23,4
LongHigherOrder,RecursiveWAM,4,101.06521739130434,150,-48.93478260869565,0,0.5,4139,23,23,4
LongHigherOrder,DirectMarkov,4,101.06521739130434,150,-48.93478260869565,0,0.5,4139,23,23,4
LongHigherOrder,Oracle,8,138.9318181818182,150,-11.068181818181818,0,0.29545454545454547,5123,31,13,6
LongHigherOrder,DirectWAM,8,156.75,150,6.75,0,0.29545454545454547,5739,31,13,6
LongHigherOrder,RecursiveWAM,8,156.75,150,6.75,0,0.29545454545454547,5739,31,13,6
LongHigherOrder,DirectMarkov,8,156.75,150,6.75,0,0.29545454545454547,5739,31,13,6
LongHigherOrder,Oracle,16,234.725,150,84.725,0,0.275,5423,29,11,10
LongHigherOrder,DirectWAM,16,296.8,188,146.8,38,0.0,5840,40,0,10
LongHigherOrder,RecursiveWAM,16,296.8,188,146.8,38,0.0,5840,40,0,10
LongHigherOrder,DirectMarkov,16,296.8,188,146.8,38,0.0,5840,40,0,10
LongHigherOrder,Oracle,32,931.625,867,781.625,717,0.2916666666666667,3480,17,7,26
LongHigherOrder,DirectWAM,32,940.875,388,790.875,238,0.0,4672,32,0,18
LongHigherOrder,RecursiveWAM,32,940.875,388,790.875,238,0.0,4672,32,0,18
LongHigherOrder,DirectMarkov,32,940.875,388,790.875,238,0.0,4672,32,0,18
