workload,total_budget,gmc_bytes,wam_bytes,selector_bytes,actual_gmc_storage,actual_wam_storage,speedup,winner,within_budget
binary_tree_size65536_seed0_loads,8192,6000,2000,192,6000,2000,1.2899983246775004,GMC-style,True
binary_tree_size65536_seed0_loads,8192,4000,4000,192,4000,4000,1.3241616509028376,WAM,True
binary_tree_size65536_seed0_loads,8192,2000,6000,192,2000,6000,1.3580246913580247,WAM,True
binary_tree_size65536_seed0_loads,16384,12144,4048,192,12144,4048,1.2899983246775004,GMC-style,True
binary_tree_size65536_seed0_loads,16384,8096,8096,192,8096,8096,1.2899983246775004,GMC-style,True
binary_tree_size65536_seed0_loads,16384,4048,12144,192,4048,12144,1.2919463087248322,WAM,True
binary_tree_size65536_seed0_loads,32768,24432,8144,192,24432,8144,1.301995265471762,GMC-style,True
binary_tree_size65536_seed0_loads,32768,16288,16288,192,16288,16288,1.3241616509028376,WAM,True
binary_tree_size65536_seed0_loads,32768,8144,24432,192,8144,24432,1.2919463087248322,WAM,True
binary_tree_size65536_seed0_loads,65536,49008,16336,192,49008,16336,1.2919463087248322,WAM,True
binary_tree_size65536_seed0_loads,65536,32672,32672,192,32672,32672,1.3370376801528043,WAM,True
binary_tree_size65536_seed0_loads,65536,16336,49008,192,16336,49008,1.2919463087248322,WAM,True
graph_bfs_size65536_seed0_loads,8192,6000,2000,192,6000,2000,1.0630728600279633,GMC-style,True
graph_bfs_size65536_seed0_loads,8192,4000,4000,192,4000,4000,1.0170927467300832,GMC-style,True
graph_bfs_size65536_seed0_loads,8192,2000,6000,192,2000,6000,0.9962873989954139,GMC-style,True
graph_bfs_size65536_seed0_loads,16384,12144,4048,192,12144,4048,1.0629902912621358,GMC-style,True
graph_bfs_size65536_seed0_loads,16384,8096,8096,192,8096,8096,1.0629902912621358,GMC-style,True
graph_bfs_size65536_seed0_loads,16384,4048,12144,192,4048,12144,1.0170927467300832,GMC-style,True
graph_bfs_size65536_seed0_loads,32768,24432,8144,192,24432,8144,1.1004261477848356,GMC-style,True
graph_bfs_size65536_seed0_loads,32768,16288,16288,192,16288,16288,1.1004261477848356,GMC-style,True
graph_bfs_size65536_seed0_loads,32768,8144,24432,192,8144,24432,1.0876579512040054,GMC-style,True
graph_bfs_size65536_seed0_loads,65536,49008,16336,192,49008,16336,1.1004261477848356,GMC-style,True
graph_bfs_size65536_seed0_loads,65536,32672,32672,192,32672,32672,1.1136788998291154,GMC-style,True
graph_bfs_size65536_seed0_loads,65536,16336,49008,192,16336,49008,1.1268834911486207,GMC-style,True
graph_dfs_size16384_seed0_loads,8192,6000,2000,192,6000,2000,1.0,WAM,True
graph_dfs_size16384_seed0_loads,8192,4000,4000,192,4000,4000,0.9998594913587185,GMC-style,True
graph_dfs_size16384_seed0_loads,8192,2000,6000,192,2000,6000,1.041111923920995,WAM,True
graph_dfs_size16384_seed0_loads,16384,12144,4048,192,12144,4048,1.0200688073394495,WAM,True
graph_dfs_size16384_seed0_loads,16384,8096,8096,192,8096,8096,1.0178801315977686,WAM,True
graph_dfs_size16384_seed0_loads,16384,4048,12144,192,4048,12144,1.0814589665653496,WAM,True
graph_dfs_size16384_seed0_loads,32768,24432,8144,192,24432,8144,1.020215053763441,GMC-style,True
graph_dfs_size16384_seed0_loads,32768,16288,16288,192,16288,16288,1.0589285714285714,WAM,True
graph_dfs_size16384_seed0_loads,32768,8144,24432,192,8144,24432,1.1311397234144016,WAM,True
graph_dfs_size16384_seed0_loads,65536,49008,16336,192,49008,16336,1.1325799777176508,WAM,True
graph_dfs_size16384_seed0_loads,65536,32672,32672,192,32672,32672,1.0353557398515931,WAM,True
graph_dfs_size16384_seed0_loads,65536,16336,49008,192,16336,49008,1.0804737321591253,WAM,True
hash_table_size65536_seed0_loads,8192,6000,2000,192,6000,2000,0.999634796581696,GMC-style,True
hash_table_size65536_seed0_loads,8192,4000,4000,192,4000,4000,0.999634796581696,GMC-style,True
hash_table_size65536_seed0_loads,8192,2000,6000,192,2000,6000,0.999634796581696,GMC-style,True
hash_table_size65536_seed0_loads,16384,12144,4048,192,12144,4048,0.999634796581696,GMC-style,True
hash_table_size65536_seed0_loads,16384,8096,8096,192,8096,8096,0.999634796581696,GMC-style,True
hash_table_size65536_seed0_loads,16384,4048,12144,192,4048,12144,0.999634796581696,GMC-style,True
hash_table_size65536_seed0_loads,32768,24432,8144,192,24432,8144,0.999415802541259,GMC-style,True
hash_table_size65536_seed0_loads,32768,16288,16288,192,16288,16288,0.999853886616014,GMC-style,True
hash_table_size65536_seed0_loads,32768,8144,24432,192,8144,24432,0.999634796581696,GMC-style,True
hash_table_size65536_seed0_loads,65536,49008,16336,192,49008,16336,0.999634796581696,GMC-style,True
hash_table_size65536_seed0_loads,65536,32672,32672,192,32672,32672,0.999415802541259,GMC-style,True
hash_table_size65536_seed0_loads,65536,16336,49008,192,16336,49008,0.999853886616014,GMC-style,True
linked_list_size65536_seed0_loads,8192,6000,2000,192,976,2000,2.8164116828929067,GMC-style,True
linked_list_size65536_seed0_loads,8192,4000,4000,192,976,4000,2.8164116828929067,GMC-style,True
linked_list_size65536_seed0_loads,8192,2000,6000,192,976,6000,2.8164116828929067,GMC-style,True
linked_list_size65536_seed0_loads,16384,12144,4048,192,976,4048,2.8164116828929067,GMC-style,True
linked_list_size65536_seed0_loads,16384,8096,8096,192,976,8096,2.8164116828929067,GMC-style,True
linked_list_size65536_seed0_loads,16384,4048,12144,192,976,12144,2.8164116828929067,GMC-style,True
linked_list_size65536_seed0_loads,32768,24432,8144,192,976,8144,2.8164116828929067,GMC-style,True
linked_list_size65536_seed0_loads,32768,16288,16288,192,976,16288,2.8164116828929067,GMC-style,True
linked_list_size65536_seed0_loads,32768,8144,24432,192,976,24432,2.8164116828929067,GMC-style,True
linked_list_size65536_seed0_loads,65536,49008,16336,192,976,16336,2.8164116828929067,GMC-style,True
linked_list_size65536_seed0_loads,65536,32672,32672,192,976,32672,2.8164116828929067,GMC-style,True
linked_list_size65536_seed0_loads,65536,16336,49008,192,976,49008,2.8164116828929067,GMC-style,True
matrix_scan_size512_seed0_loads,8192,6000,2000,192,1712,2000,2.0087412587412588,GMC-style,True
matrix_scan_size512_seed0_loads,8192,4000,4000,192,1712,4000,2.0087412587412588,GMC-style,True
matrix_scan_size512_seed0_loads,8192,2000,6000,192,1712,6000,2.0087412587412588,GMC-style,True
matrix_scan_size512_seed0_loads,16384,12144,4048,192,1712,4048,2.0087412587412588,GMC-style,True
matrix_scan_size512_seed0_loads,16384,8096,8096,192,1712,8096,2.0087412587412588,GMC-style,True
matrix_scan_size512_seed0_loads,16384,4048,12144,192,1712,12144,2.0087412587412588,GMC-style,True
matrix_scan_size512_seed0_loads,32768,24432,8144,192,1712,8144,2.0087412587412588,GMC-style,True
matrix_scan_size512_seed0_loads,32768,16288,16288,192,1712,16288,2.0087412587412588,GMC-style,True
matrix_scan_size512_seed0_loads,32768,8144,24432,192,1712,24432,2.0087412587412588,GMC-style,True
matrix_scan_size512_seed0_loads,65536,49008,16336,192,1712,16336,2.0087412587412588,GMC-style,True
matrix_scan_size512_seed0_loads,65536,32672,32672,192,1712,32672,2.0087412587412588,GMC-style,True
matrix_scan_size512_seed0_loads,65536,16336,49008,192,1712,49008,2.0087412587412588,GMC-style,True
pointer_chase_size65536_seed0_loads,8192,6000,2000,192,6000,2000,2.3027312775330397,WAM,True
pointer_chase_size65536_seed0_loads,8192,4000,4000,192,4000,4000,2.391216834400732,WAM,True
pointer_chase_size65536_seed0_loads,8192,2000,6000,192,2000,6000,2.5252173913043476,WAM,True
pointer_chase_size65536_seed0_loads,16384,12144,4048,192,12144,4048,2.524729520865533,WAM,True
pointer_chase_size65536_seed0_loads,16384,8096,8096,192,8096,8096,2.7202331390507912,WAM,True
pointer_chase_size65536_seed0_loads,16384,4048,12144,192,4048,12144,2.4948453608247423,WAM,True
pointer_chase_size65536_seed0_loads,32768,24432,8144,192,22016,8144,2.391216834400732,GMC-style,True
pointer_chase_size65536_seed0_loads,32768,16288,16288,192,16288,16288,2.482051282051282,WAM,True
pointer_chase_size65536_seed0_loads,32768,8144,24432,192,8144,24432,2.391216834400732,WAM,True
pointer_chase_size65536_seed0_loads,65536,49008,16336,192,22016,16336,2.674580433892755,WAM,True
pointer_chase_size65536_seed0_loads,65536,32672,32672,192,22016,32672,2.391216834400732,GMC-style,True
pointer_chase_size65536_seed0_loads,65536,16336,49008,192,16336,49008,2.391216834400732,GMC-style,True
quicksort_size65536_seed0_loads,8192,6000,2000,192,6000,2000,0.9965116279069768,GMC-style,True
quicksort_size65536_seed0_loads,8192,4000,4000,192,4000,4000,0.9965116279069768,GMC-style,True
quicksort_size65536_seed0_loads,8192,2000,6000,192,2000,6000,0.9965116279069768,GMC-style,True
quicksort_size65536_seed0_loads,16384,12144,4048,192,12144,4048,0.9965116279069768,GMC-style,True
quicksort_size65536_seed0_loads,16384,8096,8096,192,8096,8096,0.9994169096209913,GMC-style,True
quicksort_size65536_seed0_loads,16384,4048,12144,192,4048,12144,0.9965116279069768,GMC-style,True
quicksort_size65536_seed0_loads,32768,24432,8144,192,24432,8144,1.251094890510949,GMC-style,True
quicksort_size65536_seed0_loads,32768,16288,16288,192,16288,16288,0.9965116279069768,GMC-style,True
quicksort_size65536_seed0_loads,32768,8144,24432,192,8144,24432,0.9994169096209913,GMC-style,True
quicksort_size65536_seed0_loads,65536,49008,16336,192,49008,16336,1.1549865229110512,GMC-style,True
quicksort_size65536_seed0_loads,65536,32672,32672,192,32672,32672,1.155765340525961,GMC-style,True
quicksort_size65536_seed0_loads,65536,16336,49008,192,16336,49008,0.9965116279069768,GMC-style,True
stride_size524288_seed0_loads,8192,6000,2000,192,512,2000,3.798717316230883,GMC-style,True
stride_size524288_seed0_loads,8192,4000,4000,192,512,4000,3.798717316230883,GMC-style,True
stride_size524288_seed0_loads,8192,2000,6000,192,512,6000,3.798717316230883,GMC-style,True
stride_size524288_seed0_loads,16384,12144,4048,192,512,4048,3.798717316230883,GMC-style,True
stride_size524288_seed0_loads,16384,8096,8096,192,512,8096,3.798717316230883,GMC-style,True
stride_size524288_seed0_loads,16384,4048,12144,192,512,12144,3.798717316230883,GMC-style,True
stride_size524288_seed0_loads,32768,24432,8144,192,512,8144,3.798717316230883,GMC-style,True
stride_size524288_seed0_loads,32768,16288,16288,192,512,16288,3.798717316230883,GMC-style,True
stride_size524288_seed0_loads,32768,8144,24432,192,512,24432,3.798717316230883,GMC-style,True
stride_size524288_seed0_loads,65536,49008,16336,192,512,16336,3.798717316230883,GMC-style,True
stride_size524288_seed0_loads,65536,32672,32672,192,512,32672,3.798717316230883,GMC-style,True
stride_size524288_seed0_loads,65536,16336,49008,192,512,49008,3.798717316230883,GMC-style,True
