workload,category,window,window_index,agreement_rate,disagreement_rate,only_gmc_rate,only_wam_rate,wam_wins_disagreements,gmc_wins_disagreements,both_wrong_disagreements,joint_predictions
binary_tree_size65536_seed0_loads,tree,100,0,0.640625,0.359375,0.0,0.2,0,0,58,64
binary_tree_size65536_seed0_loads,tree,100,1,0.723404255319149,0.2765957446808511,0.0,0.37,0,0,41,47
binary_tree_size65536_seed0_loads,tree,100,2,0.7192982456140351,0.2807017543859649,0.0,0.27,0,0,50,57
binary_tree_size65536_seed0_loads,tree,500,0,0.6761904761904762,0.3238095238095238,0.0,0.338,0,0,275,315
binary_tree_size65536_seed0_loads,tree,500,1,0.7132616487455197,0.2867383512544803,0.0,0.41,0,0,245,279
binary_tree_size65536_seed0_loads,tree,500,2,0.709375,0.290625,0.0,0.328,0,0,279,320
binary_tree_size65536_seed0_loads,tree,1000,0,0.703875968992248,0.2961240310077519,0.0,0.339,0,0,564,645
binary_tree_size65536_seed0_loads,tree,1000,1,0.7032040472175379,0.29679595278246207,0.0,0.391,0,0,518,593
binary_tree_size65536_seed0_loads,tree,1000,2,0.7214983713355049,0.2785016286644951,0.0,0.37,0,0,536,614
binary_tree_size65536_seed1_loads,tree,100,0,0.640625,0.359375,0.0,0.2,0,0,58,64
binary_tree_size65536_seed1_loads,tree,100,1,0.723404255319149,0.2765957446808511,0.0,0.37,0,0,41,47
binary_tree_size65536_seed1_loads,tree,100,2,0.7192982456140351,0.2807017543859649,0.0,0.27,0,0,50,57
binary_tree_size65536_seed1_loads,tree,500,0,0.6761904761904762,0.3238095238095238,0.0,0.338,0,0,275,315
binary_tree_size65536_seed1_loads,tree,500,1,0.7132616487455197,0.2867383512544803,0.0,0.41,0,0,245,279
binary_tree_size65536_seed1_loads,tree,500,2,0.709375,0.290625,0.0,0.328,0,0,279,320
binary_tree_size65536_seed1_loads,tree,1000,0,0.703875968992248,0.2961240310077519,0.0,0.339,0,0,564,645
binary_tree_size65536_seed1_loads,tree,1000,1,0.7032040472175379,0.29679595278246207,0.0,0.391,0,0,518,593
binary_tree_size65536_seed1_loads,tree,1000,2,0.7214983713355049,0.2785016286644951,0.0,0.37,0,0,536,614
binary_tree_size65536_seed2_loads,tree,100,0,0.5652173913043478,0.43478260869565216,0.0,0.38,0,0,40,46
binary_tree_size65536_seed2_loads,tree,100,1,0.5,0.5,0.0,0.42,0,0,36,42
binary_tree_size65536_seed2_loads,tree,100,2,0.47058823529411764,0.5294117647058824,0.0,0.33,0,0,45,51
binary_tree_size65536_seed2_loads,tree,500,0,0.5454545454545454,0.45454545454545453,0.0,0.418,0,0,238,275
binary_tree_size65536_seed2_loads,tree,500,1,0.5236363636363637,0.4763636363636364,0.0,0.418,0,0,241,275
binary_tree_size65536_seed2_loads,tree,500,2,0.5719063545150501,0.4280936454849498,0.0,0.37,0,0,263,299
binary_tree_size65536_seed2_loads,tree,1000,0,0.5946462715105163,0.40535372848948376,0.0,0.461,0,0,451,523
binary_tree_size65536_seed2_loads,tree,1000,1,0.5398886827458256,0.4601113172541744,0.0,0.445,0,0,470,539
binary_tree_size65536_seed2_loads,tree,1000,2,0.5683060109289617,0.43169398907103823,0.0,0.435,0,0,478,549
binary_tree_size65536_seed3_loads,tree,100,0,0.6382978723404256,0.3617021276595745,0.0,0.37,0,0,40,47
binary_tree_size65536_seed3_loads,tree,100,1,0.7368421052631579,0.2631578947368421,0.0,0.46,0,0,33,38
binary_tree_size65536_seed3_loads,tree,100,2,0.8,0.2,0.0,0.49,0,0,30,35
binary_tree_size65536_seed3_loads,tree,500,0,0.7668161434977578,0.23318385650224216,0.0,0.522,0,0,189,223
binary_tree_size65536_seed3_loads,tree,500,1,0.7434782608695653,0.2565217391304348,0.0,0.508,0,0,196,230
binary_tree_size65536_seed3_loads,tree,500,2,0.7477477477477478,0.25225225225225223,0.0,0.524,0,0,188,222
binary_tree_size65536_seed3_loads,tree,1000,0,0.7711670480549199,0.2288329519450801,0.0,0.547,0,0,370,437
binary_tree_size65536_seed3_loads,tree,1000,1,0.7687074829931972,0.23129251700680273,0.0,0.543,0,0,372,441
binary_tree_size65536_seed3_loads,tree,1000,2,0.7316017316017316,0.2683982683982684,0.0,0.522,0,0,392,462
binary_tree_size65536_seed4_loads,tree,100,0,0.7631578947368421,0.23684210526315788,0.0,0.46,0,0,32,38
binary_tree_size65536_seed4_loads,tree,100,1,0.675,0.325,0.0,0.44,0,1,33,40
binary_tree_size65536_seed4_loads,tree,100,2,0.631578947368421,0.3684210526315789,0.0,0.46,0,0,32,38
binary_tree_size65536_seed4_loads,tree,500,0,0.5895196506550219,0.4104803493449782,0.0,0.51,0,1,193,229
binary_tree_size65536_seed4_loads,tree,500,1,0.6111111111111112,0.3888888888888889,0.0,0.536,0,2,180,216
binary_tree_size65536_seed4_loads,tree,500,2,0.5799086757990868,0.4200913242009132,0.0,0.53,0,0,184,219
binary_tree_size65536_seed4_loads,tree,1000,0,0.5986984815618221,0.40130151843817785,0.0,0.523,0,2,387,461
binary_tree_size65536_seed4_loads,tree,1000,1,0.5642105263157895,0.4357894736842105,0.0,0.509,0,4,397,475
binary_tree_size65536_seed4_loads,tree,1000,2,0.6252631578947369,0.37473684210526315,0.0,0.509,0,0,401,475
graph_bfs_size65536_seed0_loads,graph,100,0,0.01818181818181818,0.9818181818181818,0.11,0.09,0,0,55,55
graph_bfs_size65536_seed0_loads,graph,100,1,0.11538461538461539,0.8846153846153846,0.13,0.1,0,0,52,52
graph_bfs_size65536_seed0_loads,graph,100,2,0.08,0.92,0.39,0.07,0,0,25,25
graph_bfs_size65536_seed0_loads,graph,500,0,0.09584664536741214,0.9041533546325878,0.126,0.108,0,0,313,313
graph_bfs_size65536_seed0_loads,graph,500,1,0.14,0.86,0.25,0.106,0,0,250,250
graph_bfs_size65536_seed0_loads,graph,500,2,0.14814814814814814,0.8518518518518519,0.372,0.09,0,0,189,189
graph_bfs_size65536_seed0_loads,graph,1000,0,0.08661417322834646,0.9133858267716536,0.13,0.109,0,0,635,635
graph_bfs_size65536_seed0_loads,graph,1000,1,0.16363636363636364,0.8363636363636363,0.213,0.108,0,0,550,550
graph_bfs_size65536_seed0_loads,graph,1000,2,0.14215686274509803,0.8578431372549019,0.354,0.098,0,0,408,408
graph_bfs_size65536_seed1_loads,graph,100,0,0.01818181818181818,0.9818181818181818,0.11,0.09,0,0,55,55
graph_bfs_size65536_seed1_loads,graph,100,1,0.11538461538461539,0.8846153846153846,0.13,0.1,0,0,52,52
graph_bfs_size65536_seed1_loads,graph,100,2,0.08,0.92,0.39,0.07,0,0,25,25
graph_bfs_size65536_seed1_loads,graph,500,0,0.09584664536741214,0.9041533546325878,0.126,0.108,0,0,313,313
graph_bfs_size65536_seed1_loads,graph,500,1,0.14,0.86,0.25,0.106,0,0,250,250
graph_bfs_size65536_seed1_loads,graph,500,2,0.14814814814814814,0.8518518518518519,0.372,0.09,0,0,189,189
graph_bfs_size65536_seed1_loads,graph,1000,0,0.08661417322834646,0.9133858267716536,0.13,0.109,0,0,635,635
graph_bfs_size65536_seed1_loads,graph,1000,1,0.16363636363636364,0.8363636363636363,0.213,0.108,0,0,550,550
graph_bfs_size65536_seed1_loads,graph,1000,2,0.14215686274509803,0.8578431372549019,0.354,0.098,0,0,408,408
graph_bfs_size65536_seed2_loads,graph,100,0,0.01818181818181818,0.9818181818181818,0.11,0.09,0,0,55,55
graph_bfs_size65536_seed2_loads,graph,100,1,0.11538461538461539,0.8846153846153846,0.13,0.1,0,0,52,52
graph_bfs_size65536_seed2_loads,graph,100,2,0.08,0.92,0.39,0.07,0,0,25,25
graph_bfs_size65536_seed2_loads,graph,500,0,0.09584664536741214,0.9041533546325878,0.126,0.108,0,0,313,313
graph_bfs_size65536_seed2_loads,graph,500,1,0.14,0.86,0.25,0.106,0,0,250,250
graph_bfs_size65536_seed2_loads,graph,500,2,0.14814814814814814,0.8518518518518519,0.372,0.09,0,0,189,189
graph_bfs_size65536_seed2_loads,graph,1000,0,0.08661417322834646,0.9133858267716536,0.13,0.109,0,0,635,635
graph_bfs_size65536_seed2_loads,graph,1000,1,0.16363636363636364,0.8363636363636363,0.213,0.108,0,0,550,550
graph_bfs_size65536_seed2_loads,graph,1000,2,0.14215686274509803,0.8578431372549019,0.354,0.098,0,0,408,408
graph_bfs_size65536_seed3_loads,graph,100,0,0.01818181818181818,0.9818181818181818,0.11,0.09,0,0,55,55
graph_bfs_size65536_seed3_loads,graph,100,1,0.11538461538461539,0.8846153846153846,0.13,0.1,0,0,52,52
graph_bfs_size65536_seed3_loads,graph,100,2,0.08,0.92,0.39,0.07,0,0,25,25
graph_bfs_size65536_seed3_loads,graph,500,0,0.09584664536741214,0.9041533546325878,0.126,0.108,0,0,313,313
graph_bfs_size65536_seed3_loads,graph,500,1,0.14,0.86,0.25,0.106,0,0,250,250
graph_bfs_size65536_seed3_loads,graph,500,2,0.14814814814814814,0.8518518518518519,0.372,0.09,0,0,189,189
graph_bfs_size65536_seed3_loads,graph,1000,0,0.08661417322834646,0.9133858267716536,0.13,0.109,0,0,635,635
graph_bfs_size65536_seed3_loads,graph,1000,1,0.16363636363636364,0.8363636363636363,0.213,0.108,0,0,550,550
graph_bfs_size65536_seed3_loads,graph,1000,2,0.14215686274509803,0.8578431372549019,0.354,0.098,0,0,408,408
graph_bfs_size65536_seed4_loads,graph,100,0,0.01818181818181818,0.9818181818181818,0.11,0.09,0,0,55,55
graph_bfs_size65536_seed4_loads,graph,100,1,0.11538461538461539,0.8846153846153846,0.13,0.1,0,0,52,52
graph_bfs_size65536_seed4_loads,graph,100,2,0.08,0.92,0.39,0.07,0,0,25,25
graph_bfs_size65536_seed4_loads,graph,500,0,0.09584664536741214,0.9041533546325878,0.126,0.108,0,0,313,313
graph_bfs_size65536_seed4_loads,graph,500,1,0.14,0.86,0.25,0.106,0,0,250,250
graph_bfs_size65536_seed4_loads,graph,500,2,0.14814814814814814,0.8518518518518519,0.372,0.09,0,0,189,189
graph_bfs_size65536_seed4_loads,graph,1000,0,0.08661417322834646,0.9133858267716536,0.13,0.109,0,0,635,635
graph_bfs_size65536_seed4_loads,graph,1000,1,0.16363636363636364,0.8363636363636363,0.213,0.108,0,0,550,550
graph_bfs_size65536_seed4_loads,graph,1000,2,0.14215686274509803,0.8578431372549019,0.354,0.098,0,0,408,408
graph_dfs_size16384_seed0_loads,graph,100,0,0.5,0.5,0.0,0.78,0,0,6,6
graph_dfs_size16384_seed0_loads,graph,100,1,0.5,0.5,0.0,0.8,0,0,4,4
graph_dfs_size16384_seed0_loads,graph,100,2,0.5,0.5,0.0,0.78,0,0,6,6
graph_dfs_size16384_seed0_loads,graph,500,0,0.4827586206896552,0.5172413793103449,0.0,0.91,0,0,29,29
graph_dfs_size16384_seed0_loads,graph,500,1,0.48148148148148145,0.5185185185185185,0.0,0.914,0,0,27,27
graph_dfs_size16384_seed0_loads,graph,500,2,0.48,0.52,0.0,0.918,0,0,25,25
graph_dfs_size16384_seed0_loads,graph,1000,0,0.5161290322580645,0.4838709677419355,0.0,0.922,0,0,62,62
graph_dfs_size16384_seed0_loads,graph,1000,1,0.5102040816326531,0.4897959183673469,0.0,0.935,0,0,49,49
graph_dfs_size16384_seed0_loads,graph,1000,2,0.5,0.5,0.0,0.914,0,0,70,70
graph_dfs_size16384_seed1_loads,graph,100,0,0.5,0.5,0.0,0.78,0,0,6,6
graph_dfs_size16384_seed1_loads,graph,100,1,0.5,0.5,0.0,0.8,0,0,4,4
graph_dfs_size16384_seed1_loads,graph,100,2,0.5,0.5,0.0,0.78,0,0,6,6
graph_dfs_size16384_seed1_loads,graph,500,0,0.4827586206896552,0.5172413793103449,0.0,0.91,0,0,29,29
graph_dfs_size16384_seed1_loads,graph,500,1,0.48148148148148145,0.5185185185185185,0.0,0.914,0,0,27,27
graph_dfs_size16384_seed1_loads,graph,500,2,0.48,0.52,0.0,0.918,0,0,25,25
graph_dfs_size16384_seed1_loads,graph,1000,0,0.5161290322580645,0.4838709677419355,0.0,0.922,0,0,62,62
graph_dfs_size16384_seed1_loads,graph,1000,1,0.5102040816326531,0.4897959183673469,0.0,0.935,0,0,49,49
graph_dfs_size16384_seed1_loads,graph,1000,2,0.5,0.5,0.0,0.914,0,0,70,70
graph_dfs_size16384_seed2_loads,graph,100,0,0.5,0.5,0.0,0.78,0,0,6,6
graph_dfs_size16384_seed2_loads,graph,100,1,0.5,0.5,0.0,0.8,0,0,4,4
graph_dfs_size16384_seed2_loads,graph,100,2,0.5,0.5,0.0,0.78,0,0,6,6
graph_dfs_size16384_seed2_loads,graph,500,0,0.4827586206896552,0.5172413793103449,0.0,0.91,0,0,29,29
graph_dfs_size16384_seed2_loads,graph,500,1,0.48148148148148145,0.5185185185185185,0.0,0.914,0,0,27,27
graph_dfs_size16384_seed2_loads,graph,500,2,0.48,0.52,0.0,0.918,0,0,25,25
graph_dfs_size16384_seed2_loads,graph,1000,0,0.5161290322580645,0.4838709677419355,0.0,0.922,0,0,62,62
graph_dfs_size16384_seed2_loads,graph,1000,1,0.5102040816326531,0.4897959183673469,0.0,0.935,0,0,49,49
graph_dfs_size16384_seed2_loads,graph,1000,2,0.5,0.5,0.0,0.914,0,0,70,70
graph_dfs_size16384_seed3_loads,graph,100,0,0.5,0.5,0.0,0.78,0,0,6,6
graph_dfs_size16384_seed3_loads,graph,100,1,0.5,0.5,0.0,0.8,0,0,4,4
graph_dfs_size16384_seed3_loads,graph,100,2,0.5,0.5,0.0,0.78,0,0,6,6
graph_dfs_size16384_seed3_loads,graph,500,0,0.4827586206896552,0.5172413793103449,0.0,0.91,0,0,29,29
graph_dfs_size16384_seed3_loads,graph,500,1,0.48148148148148145,0.5185185185185185,0.0,0.914,0,0,27,27
graph_dfs_size16384_seed3_loads,graph,500,2,0.48,0.52,0.0,0.918,0,0,25,25
graph_dfs_size16384_seed3_loads,graph,1000,0,0.5161290322580645,0.4838709677419355,0.0,0.922,0,0,62,62
graph_dfs_size16384_seed3_loads,graph,1000,1,0.5102040816326531,0.4897959183673469,0.0,0.935,0,0,49,49
graph_dfs_size16384_seed3_loads,graph,1000,2,0.5,0.5,0.0,0.914,0,0,70,70
graph_dfs_size16384_seed4_loads,graph,100,0,0.5,0.5,0.0,0.78,0,0,6,6
graph_dfs_size16384_seed4_loads,graph,100,1,0.5,0.5,0.0,0.8,0,0,4,4
graph_dfs_size16384_seed4_loads,graph,100,2,0.5,0.5,0.0,0.78,0,0,6,6
graph_dfs_size16384_seed4_loads,graph,500,0,0.4827586206896552,0.5172413793103449,0.0,0.91,0,0,29,29
graph_dfs_size16384_seed4_loads,graph,500,1,0.48148148148148145,0.5185185185185185,0.0,0.914,0,0,27,27
graph_dfs_size16384_seed4_loads,graph,500,2,0.48,0.52,0.0,0.918,0,0,25,25
graph_dfs_size16384_seed4_loads,graph,1000,0,0.5161290322580645,0.4838709677419355,0.0,0.922,0,0,62,62
graph_dfs_size16384_seed4_loads,graph,1000,1,0.5102040816326531,0.4897959183673469,0.0,0.935,0,0,49,49
graph_dfs_size16384_seed4_loads,graph,1000,2,0.5,0.5,0.0,0.914,0,0,70,70
hash_table_size65536_seed0_loads,hash,100,0,0.0,1.0,0.03,0.16,0,0,4,4
hash_table_size65536_seed0_loads,hash,100,1,0.0,1.0,0.0,0.15,0,0,14,14
hash_table_size65536_seed0_loads,hash,100,2,0.0,1.0,0.02,0.17,0,0,2,2
hash_table_size65536_seed0_loads,hash,500,0,0.0,1.0,0.018,0.192,0,0,28,28
hash_table_size65536_seed0_loads,hash,500,1,0.0,1.0,0.042,0.184,0,0,32,32
hash_table_size65536_seed0_loads,hash,500,2,0.0,1.0,0.052,0.208,0,0,33,33
hash_table_size65536_seed0_loads,hash,1000,0,0.0,1.0,0.02,0.214,0,0,76,76
hash_table_size65536_seed0_loads,hash,1000,1,0.0,1.0,0.027,0.206,0,0,87,87
hash_table_size65536_seed0_loads,hash,1000,2,0.0,1.0,0.049,0.211,0,0,68,68
hash_table_size65536_seed1_loads,hash,100,0,0.0,1.0,0.03,0.16,0,0,4,4
hash_table_size65536_seed1_loads,hash,100,1,0.0,1.0,0.0,0.15,0,0,14,14
hash_table_size65536_seed1_loads,hash,100,2,0.0,1.0,0.02,0.17,0,0,2,2
hash_table_size65536_seed1_loads,hash,500,0,0.0,1.0,0.018,0.192,0,0,28,28
hash_table_size65536_seed1_loads,hash,500,1,0.0,1.0,0.042,0.184,0,0,32,32
hash_table_size65536_seed1_loads,hash,500,2,0.0,1.0,0.052,0.208,0,0,33,33
hash_table_size65536_seed1_loads,hash,1000,0,0.0,1.0,0.02,0.214,0,0,76,76
hash_table_size65536_seed1_loads,hash,1000,1,0.0,1.0,0.027,0.206,0,0,87,87
hash_table_size65536_seed1_loads,hash,1000,2,0.0,1.0,0.049,0.211,0,0,68,68
hash_table_size65536_seed2_loads,hash,100,0,0.0,0.0,0.0,0.26,0,0,0,0
hash_table_size65536_seed2_loads,hash,100,1,0.0,0.0,0.0,0.2,0,0,0,0
hash_table_size65536_seed2_loads,hash,100,2,0.0,0.0,0.01,0.22,0,0,0,0
hash_table_size65536_seed2_loads,hash,500,0,0.0,0.0,0.0,0.262,0,0,0,0
hash_table_size65536_seed2_loads,hash,500,1,0.0,0.0,0.0,0.29,0,0,0,0
hash_table_size65536_seed2_loads,hash,500,2,0.0,0.0,0.002,0.246,0,0,0,0
hash_table_size65536_seed2_loads,hash,1000,0,0.0,0.0,0.001,0.276,0,0,0,0
hash_table_size65536_seed2_loads,hash,1000,1,0.0,1.0,0.001,0.263,0,0,1,1
hash_table_size65536_seed2_loads,hash,1000,2,0.0,0.0,0.001,0.279,0,0,0,0
hash_table_size65536_seed3_loads,hash,100,0,0.0,0.0,0.01,0.17,0,0,0,0
hash_table_size65536_seed3_loads,hash,100,1,0.0,1.0,0.02,0.22,0,0,8,8
hash_table_size65536_seed3_loads,hash,100,2,0.0,1.0,0.05,0.22,0,0,6,6
hash_table_size65536_seed3_loads,hash,500,0,0.0,1.0,0.012,0.226,0,0,30,30
hash_table_size65536_seed3_loads,hash,500,1,0.0,1.0,0.024,0.188,0,0,42,42
hash_table_size65536_seed3_loads,hash,500,2,0.0,1.0,0.044,0.204,0,0,42,42
hash_table_size65536_seed3_loads,hash,1000,0,0.0,1.0,0.021,0.232,0,0,66,66
hash_table_size65536_seed3_loads,hash,1000,1,0.0,1.0,0.021,0.217,0,0,87,87
hash_table_size65536_seed3_loads,hash,1000,2,0.0,1.0,0.038,0.214,0,0,80,80
hash_table_size65536_seed4_loads,hash,100,0,0.0,1.0,0.02,0.16,0,0,6,6
hash_table_size65536_seed4_loads,hash,100,1,0.0,1.0,0.02,0.19,0,0,2,2
hash_table_size65536_seed4_loads,hash,100,2,0.0,1.0,0.03,0.14,0,0,15,15
hash_table_size65536_seed4_loads,hash,500,0,0.0,1.0,0.032,0.2,0,0,33,33
hash_table_size65536_seed4_loads,hash,500,1,0.0,1.0,0.028,0.208,0,0,31,31
hash_table_size65536_seed4_loads,hash,500,2,0.0,1.0,0.032,0.208,0,0,49,49
hash_table_size65536_seed4_loads,hash,1000,0,0.0,1.0,0.025,0.217,0,0,84,84
hash_table_size65536_seed4_loads,hash,1000,1,0.0,1.0,0.034,0.221,0,0,70,70
hash_table_size65536_seed4_loads,hash,1000,2,0.0,1.0,0.041,0.208,0,0,94,94
linked_list_size65536_seed0_loads,pointer_chasing,100,0,0.0,0.0,0.84,0.0,0,0,0,0
linked_list_size65536_seed0_loads,pointer_chasing,100,1,0.0,0.0,0.83,0.0,0,0,0,0
linked_list_size65536_seed0_loads,pointer_chasing,100,2,0.0,0.0,0.83,0.0,0,0,0,0
linked_list_size65536_seed0_loads,pointer_chasing,500,0,0.0,0.0,0.968,0.0,0,0,0,0
linked_list_size65536_seed0_loads,pointer_chasing,500,1,0.0,0.0,0.966,0.0,0,0,0,0
linked_list_size65536_seed0_loads,pointer_chasing,500,2,0.0,0.0,0.966,0.0,0,0,0,0
linked_list_size65536_seed0_loads,pointer_chasing,1000,0,0.0,0.0,0.984,0.0,0,0,0,0
linked_list_size65536_seed0_loads,pointer_chasing,1000,1,0.0,0.0,0.983,0.0,0,0,0,0
linked_list_size65536_seed0_loads,pointer_chasing,1000,2,0.0,0.0,0.983,0.0,0,0,0,0
linked_list_size65536_seed1_loads,pointer_chasing,100,0,0.0,0.0,0.84,0.0,0,0,0,0
linked_list_size65536_seed1_loads,pointer_chasing,100,1,0.0,0.0,0.83,0.0,0,0,0,0
linked_list_size65536_seed1_loads,pointer_chasing,100,2,0.0,0.0,0.83,0.0,0,0,0,0
linked_list_size65536_seed1_loads,pointer_chasing,500,0,0.0,0.0,0.968,0.0,0,0,0,0
linked_list_size65536_seed1_loads,pointer_chasing,500,1,0.0,0.0,0.966,0.0,0,0,0,0
linked_list_size65536_seed1_loads,pointer_chasing,500,2,0.0,0.0,0.966,0.0,0,0,0,0
linked_list_size65536_seed1_loads,pointer_chasing,1000,0,0.0,0.0,0.984,0.0,0,0,0,0
linked_list_size65536_seed1_loads,pointer_chasing,1000,1,0.0,0.0,0.983,0.0,0,0,0,0
linked_list_size65536_seed1_loads,pointer_chasing,1000,2,0.0,0.0,0.983,0.0,0,0,0,0
linked_list_size65536_seed2_loads,pointer_chasing,100,0,0.0,0.0,0.84,0.0,0,0,0,0
linked_list_size65536_seed2_loads,pointer_chasing,100,1,0.0,0.0,0.83,0.0,0,0,0,0
linked_list_size65536_seed2_loads,pointer_chasing,100,2,0.0,0.0,0.83,0.0,0,0,0,0
linked_list_size65536_seed2_loads,pointer_chasing,500,0,0.0,0.0,0.968,0.0,0,0,0,0
linked_list_size65536_seed2_loads,pointer_chasing,500,1,0.0,0.0,0.966,0.0,0,0,0,0
linked_list_size65536_seed2_loads,pointer_chasing,500,2,0.0,0.0,0.966,0.0,0,0,0,0
linked_list_size65536_seed2_loads,pointer_chasing,1000,0,0.0,0.0,0.984,0.0,0,0,0,0
linked_list_size65536_seed2_loads,pointer_chasing,1000,1,0.0,0.0,0.983,0.0,0,0,0,0
linked_list_size65536_seed2_loads,pointer_chasing,1000,2,0.0,0.0,0.983,0.0,0,0,0,0
linked_list_size65536_seed3_loads,pointer_chasing,100,0,0.0,0.0,0.84,0.0,0,0,0,0
linked_list_size65536_seed3_loads,pointer_chasing,100,1,0.0,0.0,0.83,0.0,0,0,0,0
linked_list_size65536_seed3_loads,pointer_chasing,100,2,0.0,0.0,0.83,0.0,0,0,0,0
linked_list_size65536_seed3_loads,pointer_chasing,500,0,0.0,0.0,0.968,0.0,0,0,0,0
linked_list_size65536_seed3_loads,pointer_chasing,500,1,0.0,0.0,0.966,0.0,0,0,0,0
linked_list_size65536_seed3_loads,pointer_chasing,500,2,0.0,0.0,0.966,0.0,0,0,0,0
linked_list_size65536_seed3_loads,pointer_chasing,1000,0,0.0,0.0,0.984,0.0,0,0,0,0
linked_list_size65536_seed3_loads,pointer_chasing,1000,1,0.0,0.0,0.983,0.0,0,0,0,0
linked_list_size65536_seed3_loads,pointer_chasing,1000,2,0.0,0.0,0.983,0.0,0,0,0,0
linked_list_size65536_seed4_loads,pointer_chasing,100,0,0.0,0.0,0.84,0.0,0,0,0,0
linked_list_size65536_seed4_loads,pointer_chasing,100,1,0.0,0.0,0.83,0.0,0,0,0,0
linked_list_size65536_seed4_loads,pointer_chasing,100,2,0.0,0.0,0.83,0.0,0,0,0,0
linked_list_size65536_seed4_loads,pointer_chasing,500,0,0.0,0.0,0.968,0.0,0,0,0,0
linked_list_size65536_seed4_loads,pointer_chasing,500,1,0.0,0.0,0.966,0.0,0,0,0,0
linked_list_size65536_seed4_loads,pointer_chasing,500,2,0.0,0.0,0.966,0.0,0,0,0,0
linked_list_size65536_seed4_loads,pointer_chasing,1000,0,0.0,0.0,0.984,0.0,0,0,0,0
linked_list_size65536_seed4_loads,pointer_chasing,1000,1,0.0,0.0,0.983,0.0,0,0,0,0
linked_list_size65536_seed4_loads,pointer_chasing,1000,2,0.0,0.0,0.983,0.0,0,0,0,0
matrix_scan_size512_seed0_loads,dynamic_programming,100,0,0.0,0.0,0.84,0.0,0,0,0,0
matrix_scan_size512_seed0_loads,dynamic_programming,100,1,0.0,0.0,0.83,0.0,0,0,0,0
matrix_scan_size512_seed0_loads,dynamic_programming,100,2,0.0,0.0,0.83,0.0,0,0,0,0
matrix_scan_size512_seed0_loads,dynamic_programming,500,0,0.0,0.0,0.968,0.0,0,0,0,0
matrix_scan_size512_seed0_loads,dynamic_programming,500,1,0.0,0.0,0.966,0.0,0,0,0,0
matrix_scan_size512_seed0_loads,dynamic_programming,500,2,0.0,0.0,0.966,0.0,0,0,0,0
matrix_scan_size512_seed0_loads,dynamic_programming,1000,0,0.0,0.0,0.984,0.0,0,0,0,0
matrix_scan_size512_seed0_loads,dynamic_programming,1000,1,0.0,0.0,0.983,0.0,0,0,0,0
matrix_scan_size512_seed0_loads,dynamic_programming,1000,2,0.0,0.0,0.983,0.0,0,0,0,0
pointer_chase_size65536_seed0_loads,pointer_chasing,100,0,1.0,0.0,0.0,0.52,0,0,32,32
pointer_chase_size65536_seed0_loads,pointer_chasing,100,1,1.0,0.0,0.0,0.53,0,0,31,31
pointer_chase_size65536_seed0_loads,pointer_chasing,100,2,1.0,0.0,0.0,0.56,0,0,28,28
pointer_chase_size65536_seed0_loads,pointer_chasing,500,0,1.0,0.0,0.0,0.618,0,0,175,175
pointer_chase_size65536_seed0_loads,pointer_chasing,500,1,1.0,0.0,0.0,0.586,0,0,191,191
pointer_chase_size65536_seed0_loads,pointer_chasing,500,2,1.0,0.0,0.0,0.606,0,0,181,181
pointer_chase_size65536_seed0_loads,pointer_chasing,1000,0,1.0,0.0,0.0,0.632,0,0,352,352
pointer_chase_size65536_seed0_loads,pointer_chasing,1000,1,1.0,0.0,0.0,0.617,0,0,367,367
pointer_chase_size65536_seed0_loads,pointer_chasing,1000,2,1.0,0.0,0.0,0.611,0,0,373,373
pointer_chase_size65536_seed1_loads,pointer_chasing,100,0,1.0,0.0,0.0,0.52,0,0,32,32
pointer_chase_size65536_seed1_loads,pointer_chasing,100,1,1.0,0.0,0.0,0.53,0,0,31,31
pointer_chase_size65536_seed1_loads,pointer_chasing,100,2,1.0,0.0,0.0,0.56,0,0,28,28
pointer_chase_size65536_seed1_loads,pointer_chasing,500,0,1.0,0.0,0.0,0.618,0,0,175,175
pointer_chase_size65536_seed1_loads,pointer_chasing,500,1,1.0,0.0,0.0,0.586,0,0,191,191
pointer_chase_size65536_seed1_loads,pointer_chasing,500,2,1.0,0.0,0.0,0.606,0,0,181,181
pointer_chase_size65536_seed1_loads,pointer_chasing,1000,0,1.0,0.0,0.0,0.632,0,0,352,352
pointer_chase_size65536_seed1_loads,pointer_chasing,1000,1,1.0,0.0,0.0,0.617,0,0,367,367
pointer_chase_size65536_seed1_loads,pointer_chasing,1000,2,1.0,0.0,0.0,0.611,0,0,373,373
pointer_chase_size65536_seed2_loads,pointer_chasing,100,0,0.0,0.0,0.0,0.84,0,0,0,0
pointer_chase_size65536_seed2_loads,pointer_chasing,100,1,1.0,0.0,0.0,0.55,0,0,29,29
pointer_chase_size65536_seed2_loads,pointer_chasing,100,2,1.0,0.0,0.0,0.79,0,0,5,5
pointer_chase_size65536_seed2_loads,pointer_chasing,500,0,1.0,0.0,0.0,0.84,0,0,64,64
pointer_chase_size65536_seed2_loads,pointer_chasing,500,1,1.0,0.0,0.0,0.776,0,0,96,96
pointer_chase_size65536_seed2_loads,pointer_chasing,500,2,1.0,0.0,0.0,0.83,0,0,69,69
pointer_chase_size65536_seed2_loads,pointer_chasing,1000,0,1.0,0.0,0.0,0.824,0,0,160,160
pointer_chase_size65536_seed2_loads,pointer_chasing,1000,1,1.0,0.0,0.0,0.792,0,0,192,192
pointer_chase_size65536_seed2_loads,pointer_chasing,1000,2,1.0,0.0,0.0,0.819,0,0,165,165
pointer_chase_size65536_seed3_loads,pointer_chasing,100,0,1.0,0.0,0.0,0.0,0,0,84,84
pointer_chase_size65536_seed3_loads,pointer_chasing,100,1,1.0,0.0,0.0,0.01,0,0,83,83
pointer_chase_size65536_seed3_loads,pointer_chasing,100,2,1.0,0.0,0.0,0.01,0,0,83,83
pointer_chase_size65536_seed3_loads,pointer_chasing,500,0,1.0,0.0,0.0,0.0,0,0,484,484
pointer_chase_size65536_seed3_loads,pointer_chasing,500,1,1.0,0.0,0.0,0.002,0,0,483,483
pointer_chase_size65536_seed3_loads,pointer_chasing,500,2,1.0,0.0,0.0,0.002,0,0,483,483
pointer_chase_size65536_seed3_loads,pointer_chasing,1000,0,1.0,0.0,0.0,0.0,0,0,984,984
pointer_chase_size65536_seed3_loads,pointer_chasing,1000,1,1.0,0.0,0.0,0.001,0,0,983,983
pointer_chase_size65536_seed3_loads,pointer_chasing,1000,2,1.0,0.0,0.0,0.001,0,0,983,983
pointer_chase_size65536_seed4_loads,pointer_chasing,100,0,0.0,0.0,0.0,0.84,0,0,0,0
pointer_chase_size65536_seed4_loads,pointer_chasing,100,1,0.0,1.0,0.0,0.83,0,0,1,1
pointer_chase_size65536_seed4_loads,pointer_chasing,100,2,0.0,1.0,0.0,0.83,0,0,1,1
pointer_chase_size65536_seed4_loads,pointer_chasing,500,0,0.9696969696969697,0.030303030303030304,0.0,0.902,0,0,33,33
pointer_chase_size65536_seed4_loads,pointer_chasing,500,1,0.9696969696969697,0.030303030303030304,0.0,0.902,0,0,33,33
pointer_chase_size65536_seed4_loads,pointer_chasing,500,2,0.9696969696969697,0.030303030303030304,0.0,0.902,0,0,33,33
pointer_chase_size65536_seed4_loads,pointer_chasing,1000,0,0.9696969696969697,0.030303030303030304,0.0,0.918,0,0,66,66
pointer_chase_size65536_seed4_loads,pointer_chasing,1000,1,0.9696969696969697,0.030303030303030304,0.0,0.918,0,0,66,66
pointer_chase_size65536_seed4_loads,pointer_chasing,1000,2,0.9696969696969697,0.030303030303030304,0.0,0.918,0,0,66,66
quicksort_size65536_seed0_loads,sorting,100,0,0.0,0.0,0.02,0.1,0,0,0,0
quicksort_size65536_seed0_loads,sorting,100,1,0.0,0.0,0.07,0.01,0,0,0,0
quicksort_size65536_seed0_loads,sorting,100,2,0.0,0.0,0.1,0.01,0,0,0,0
quicksort_size65536_seed0_loads,sorting,500,0,0.0,0.0,0.084,0.02,0,0,0,0
quicksort_size65536_seed0_loads,sorting,500,1,0.0,0.0,0.064,0.002,0,0,0,0
quicksort_size65536_seed0_loads,sorting,500,2,0.0,0.0,0.072,0.002,0,0,0,0
quicksort_size65536_seed0_loads,sorting,1000,0,0.0,0.0,0.084,0.01,0,0,0,0
quicksort_size65536_seed0_loads,sorting,1000,1,0.0,0.0,0.089,0.001,0,0,0,0
quicksort_size65536_seed0_loads,sorting,1000,2,0.0,0.0,0.07,0.001,0,0,0,0
quicksort_size65536_seed1_loads,sorting,100,0,0.0,0.0,0.02,0.1,0,0,0,0
quicksort_size65536_seed1_loads,sorting,100,1,0.0,0.0,0.07,0.01,0,0,0,0
quicksort_size65536_seed1_loads,sorting,100,2,0.0,0.0,0.1,0.01,0,0,0,0
quicksort_size65536_seed1_loads,sorting,500,0,0.0,0.0,0.084,0.02,0,0,0,0
quicksort_size65536_seed1_loads,sorting,500,1,0.0,0.0,0.064,0.002,0,0,0,0
quicksort_size65536_seed1_loads,sorting,500,2,0.0,0.0,0.072,0.002,0,0,0,0
quicksort_size65536_seed1_loads,sorting,1000,0,0.0,0.0,0.084,0.01,0,0,0,0
quicksort_size65536_seed1_loads,sorting,1000,1,0.0,0.0,0.089,0.001,0,0,0,0
quicksort_size65536_seed1_loads,sorting,1000,2,0.0,0.0,0.07,0.001,0,0,0,0
quicksort_size65536_seed2_loads,sorting,100,0,0.0,0.0,0.55,0.0,0,0,0,0
quicksort_size65536_seed2_loads,sorting,100,1,0.0,0.0,0.42,0.0,0,0,0,0
quicksort_size65536_seed2_loads,sorting,100,2,0.0,0.0,0.49,0.0,0,0,0,0
quicksort_size65536_seed2_loads,sorting,500,0,0.0,0.0,0.546,0.0,0,0,0,0
quicksort_size65536_seed2_loads,sorting,500,1,0.0,0.0,0.482,0.0,0,0,0,0
quicksort_size65536_seed2_loads,sorting,500,2,0.0,0.0,0.53,0.0,0,0,0,0
quicksort_size65536_seed2_loads,sorting,1000,0,0.0,0.0,0.575,0.0,0,0,0,0
quicksort_size65536_seed2_loads,sorting,1000,1,0.0,0.0,0.519,0.0,0,0,0,0
quicksort_size65536_seed2_loads,sorting,1000,2,0.0,0.0,0.473,0.0,0,0,0,0
quicksort_size65536_seed3_loads,sorting,100,0,0.0,0.0,0.31,0.0,0,0,0,0
quicksort_size65536_seed3_loads,sorting,100,1,0.0,0.0,0.29,0.0,0,0,0,0
quicksort_size65536_seed3_loads,sorting,100,2,0.0,0.0,0.21,0.0,0,0,0,0
quicksort_size65536_seed3_loads,sorting,500,0,0.0,0.0,0.374,0.0,0,0,0,0
quicksort_size65536_seed3_loads,sorting,500,1,0.0,0.0,0.34,0.0,0,0,0,0
quicksort_size65536_seed3_loads,sorting,500,2,0.0,0.0,0.322,0.0,0,0,0,0
quicksort_size65536_seed3_loads,sorting,1000,0,0.0,0.0,0.396,0.0,0,0,0,0
quicksort_size65536_seed3_loads,sorting,1000,1,0.0,0.0,0.352,0.0,0,0,0,0
quicksort_size65536_seed3_loads,sorting,1000,2,0.0,0.0,0.339,0.0,0,0,0,0
quicksort_size65536_seed4_loads,sorting,100,0,0.0,0.0,0.2,0.04,0,0,0,0
quicksort_size65536_seed4_loads,sorting,100,1,0.0,0.0,0.23,0.0,0,0,0,0
quicksort_size65536_seed4_loads,sorting,100,2,0.0,0.0,0.14,0.0,0,0,0,0
quicksort_size65536_seed4_loads,sorting,500,0,0.0,0.0,0.284,0.008,0,0,0,0
quicksort_size65536_seed4_loads,sorting,500,1,0.0,0.0,0.276,0.0,0,0,0,0
quicksort_size65536_seed4_loads,sorting,500,2,0.0,0.0,0.286,0.0,0,0,0,0
quicksort_size65536_seed4_loads,sorting,1000,0,0.0,0.0,0.285,0.004,0,0,0,0
quicksort_size65536_seed4_loads,sorting,1000,1,0.0,0.0,0.28,0.0,0,0,0,0
quicksort_size65536_seed4_loads,sorting,1000,2,0.0,0.0,0.286,0.0,0,0,0,0
stride_size524288_seed0_loads,sequential_control,100,0,0.0,0.0,0.84,0.0,0,0,0,0
stride_size524288_seed0_loads,sequential_control,100,1,0.0,0.0,0.83,0.0,0,0,0,0
stride_size524288_seed0_loads,sequential_control,100,2,0.0,0.0,0.83,0.0,0,0,0,0
stride_size524288_seed0_loads,sequential_control,500,0,0.0,0.0,0.968,0.0,0,0,0,0
stride_size524288_seed0_loads,sequential_control,500,1,0.0,0.0,0.966,0.0,0,0,0,0
stride_size524288_seed0_loads,sequential_control,500,2,0.0,0.0,0.966,0.0,0,0,0,0
stride_size524288_seed0_loads,sequential_control,1000,0,0.0,0.0,0.984,0.0,0,0,0,0
stride_size524288_seed0_loads,sequential_control,1000,1,0.0,0.0,0.983,0.0,0,0,0,0
stride_size524288_seed0_loads,sequential_control,1000,2,0.0,0.0,0.983,0.0,0,0,0,0
